Timing Analyzer report for quartus
Tue Sep 29 11:21:28 2026
Quartus Prime Version 21.1.1 Build 850 06/23/2022 SJ Lite Edition


---------------------
; Table of Contents ;
---------------------
  1. Legal Notice
  2. Timing Analyzer Summary
  3. Parallel Compilation
  4. SDC File List
  5. Clocks
  6. Slow 1200mV 85C Model Fmax Summary
  7. Timing Closure Recommendations
  8. Slow 1200mV 85C Model Setup Summary
  9. Slow 1200mV 85C Model Hold Summary
 10. Slow 1200mV 85C Model Recovery Summary
 11. Slow 1200mV 85C Model Removal Summary
 12. Slow 1200mV 85C Model Minimum Pulse Width Summary
 13. Slow 1200mV 85C Model Setup: 'clk_cpu'
 14. Slow 1200mV 85C Model Hold: 'clk_cpu'
 15. Slow 1200mV 85C Model Metastability Summary
 16. Slow 1200mV 0C Model Fmax Summary
 17. Slow 1200mV 0C Model Setup Summary
 18. Slow 1200mV 0C Model Hold Summary
 19. Slow 1200mV 0C Model Recovery Summary
 20. Slow 1200mV 0C Model Removal Summary
 21. Slow 1200mV 0C Model Minimum Pulse Width Summary
 22. Slow 1200mV 0C Model Setup: 'clk_cpu'
 23. Slow 1200mV 0C Model Hold: 'clk_cpu'
 24. Slow 1200mV 0C Model Metastability Summary
 25. Fast 1200mV 0C Model Setup Summary
 26. Fast 1200mV 0C Model Hold Summary
 27. Fast 1200mV 0C Model Recovery Summary
 28. Fast 1200mV 0C Model Removal Summary
 29. Fast 1200mV 0C Model Minimum Pulse Width Summary
 30. Fast 1200mV 0C Model Setup: 'clk_cpu'
 31. Fast 1200mV 0C Model Hold: 'clk_cpu'
 32. Fast 1200mV 0C Model Metastability Summary
 33. Multicorner Timing Analysis Summary
 34. Board Trace Model Assignments
 35. Input Transition Times
 36. Signal Integrity Metrics (Slow 1200mv 0c Model)
 37. Signal Integrity Metrics (Slow 1200mv 85c Model)
 38. Signal Integrity Metrics (Fast 1200mv 0c Model)
 39. Setup Transfers
 40. Hold Transfers
 41. Report TCCS
 42. Report RSKM
 43. Unconstrained Paths Summary
 44. Clock Status Summary
 45. Timing Analyzer Messages



----------------
; Legal Notice ;
----------------
Copyright (C) 2022  Intel Corporation. All rights reserved.
Your use of Intel Corporation's design tools, logic functions 
and other software and tools, and any partner logic 
functions, and any output files from any of the foregoing 
(including device programming or simulation files), and any 
associated documentation or information are expressly subject 
to the terms and conditions of the Intel Program License 
Subscription Agreement, the Intel Quartus Prime License Agreement,
the Intel FPGA IP License Agreement, or other applicable license
agreement, including, without limitation, that your use is for
the sole purpose of programming logic devices manufactured by
Intel and sold by Intel or its authorized distributors.  Please
refer to the applicable agreement for further details, at
https://fpgasoftware.intel.com/eula.



+-----------------------------------------------------------------------------+
; Timing Analyzer Summary                                                     ;
+-----------------------+-----------------------------------------------------+
; Quartus Prime Version ; Version 21.1.1 Build 850 06/23/2022 SJ Lite Edition ;
; Timing Analyzer       ; Legacy Timing Analyzer                              ;
; Revision Name         ; quartus                                             ;
; Device Family         ; Cyclone IV E                                        ;
; Device Name           ; EP4CE115F29C7                                       ;
; Timing Models         ; Final                                               ;
; Delay Model           ; Combined                                            ;
; Rise/Fall Delays      ; Enabled                                             ;
+-----------------------+-----------------------------------------------------+


+------------------------------------------+
; Parallel Compilation                     ;
+----------------------------+-------------+
; Processors                 ; Number      ;
+----------------------------+-------------+
; Number detected on machine ; 16          ;
; Maximum allowed            ; 16          ;
;                            ;             ;
; Average used               ; 2.00        ;
; Maximum used               ; 16          ;
;                            ;             ;
; Usage by Processor         ; % Time Used ;
;     Processor 1            ; 100.0%      ;
;     Processor 2            ;  24.4%      ;
;     Processor 3            ;   7.8%      ;
;     Processor 4            ;   7.1%      ;
;     Processors 5-16        ;   5.0%      ;
+----------------------------+-------------+


+-------------------------------------------------------+
; SDC File List                                         ;
+-------------------+--------+--------------------------+
; SDC File Path     ; Status ; Read at                  ;
+-------------------+--------+--------------------------+
; sc_top_no_pll.sdc ; OK     ; Tue Sep 29 11:21:24 2026 ;
; sc_top.sdc        ; OK     ; Tue Sep 29 11:21:24 2026 ;
+-------------------+--------+--------------------------+


+----------------------------------------------------------------------------------------------------------------------------------------------------------------------------------------------------------------------------------------+
; Clocks                                                                                                                                                                                                                                 ;
+------------+-----------+---------+-----------+-------+--------+------------+-----------+-------------+-------+--------+-----------+------------+----------+--------+--------+----------------------------------------------------------+
; Clock Name ; Type      ; Period  ; Frequency ; Rise  ; Fall   ; Duty Cycle ; Divide by ; Multiply by ; Phase ; Offset ; Edge List ; Edge Shift ; Inverted ; Master ; Source ; Targets                                                  ;
+------------+-----------+---------+-----------+-------+--------+------------+-----------+-------------+-------+--------+-----------+------------+----------+--------+--------+----------------------------------------------------------+
; clk        ; Base      ; 20.000  ; 50.0 MHz  ; 0.000 ; 10.000 ;            ;           ;             ;       ;        ;           ;            ;          ;        ;        ; { clk }                                                  ;
; clk_cpu    ; Generated ; 100.000 ; 10.0 MHz  ; 0.000 ; 50.000 ;            ; 5         ; 1           ;       ;        ;           ;            ; false    ; clk    ; clk    ; { pll_inst|altpll_component|auto_generated|pll1|clk[0] } ;
+------------+-----------+---------+-----------+-------+--------+------------+-----------+-------------+-------+--------+-----------+------------+----------+--------+--------+----------------------------------------------------------+


+-------------------------------------------------+
; Slow 1200mV 85C Model Fmax Summary              ;
+-----------+-----------------+------------+------+
; Fmax      ; Restricted Fmax ; Clock Name ; Note ;
+-----------+-----------------+------------+------+
; 24.87 MHz ; 24.87 MHz       ; clk_cpu    ;      ;
+-----------+-----------------+------------+------+
This panel reports FMAX for every clock in the design, regardless of the user-specified clock periods.  FMAX is only computed for paths where the source and destination registers or ports are driven by the same clock.  Paths of different clocks, including generated clocks, are ignored.  For paths between a clock and its inversion, FMAX is computed as if the rising and falling edges are scaled along with FMAX, such that the duty cycle (in terms of a percentage) is maintained. Altera recommends that you always use clock constraints and other slack reports for sign-off analysis.


----------------------------------
; Timing Closure Recommendations ;
----------------------------------
HTML report is unavailable in plain text report export.


+-------------------------------------+
; Slow 1200mV 85C Model Setup Summary ;
+---------+--------+------------------+
; Clock   ; Slack  ; End Point TNS    ;
+---------+--------+------------------+
; clk_cpu ; 59.787 ; 0.000            ;
+---------+--------+------------------+


+------------------------------------+
; Slow 1200mV 85C Model Hold Summary ;
+---------+-------+------------------+
; Clock   ; Slack ; End Point TNS    ;
+---------+-------+------------------+
; clk_cpu ; 0.403 ; 0.000            ;
+---------+-------+------------------+


------------------------------------------
; Slow 1200mV 85C Model Recovery Summary ;
------------------------------------------
No paths to report.


-----------------------------------------
; Slow 1200mV 85C Model Removal Summary ;
-----------------------------------------
No paths to report.


+---------------------------------------------------+
; Slow 1200mV 85C Model Minimum Pulse Width Summary ;
+---------+--------+--------------------------------+
; Clock   ; Slack  ; End Point TNS                  ;
+---------+--------+--------------------------------+
; clk     ; 9.891  ; 0.000                          ;
; clk_cpu ; 49.705 ; 0.000                          ;
+---------+--------+--------------------------------+


+----------------------------------------------------------------------------------------------------------------------------------------------------------------------------------------+
; Slow 1200mV 85C Model Setup: 'clk_cpu'                                                                                                                                                 ;
+--------+-------------------------------------------+-------------------------------------------------------------+--------------+-------------+--------------+------------+------------+
; Slack  ; From Node                                 ; To Node                                                     ; Launch Clock ; Latch Clock ; Relationship ; Clock Skew ; Data Delay ;
+--------+-------------------------------------------+-------------------------------------------------------------+--------------+-------------+--------------+------------+------------+
; 59.787 ; sc_cpu:cpu|sc_datapath:datapath|pc_reg[8] ; sc_cpu:cpu|sc_datapath:datapath|sc_regfile:regfile|regs~658 ; clk_cpu      ; clk_cpu     ; 100.000      ; -0.174     ; 40.037     ;
; 60.076 ; sc_cpu:cpu|sc_datapath:datapath|pc_reg[7] ; sc_cpu:cpu|sc_datapath:datapath|sc_regfile:regfile|regs~658 ; clk_cpu      ; clk_cpu     ; 100.000      ; -0.174     ; 39.748     ;
; 60.088 ; sc_cpu:cpu|sc_datapath:datapath|pc_reg[3] ; sc_cpu:cpu|sc_datapath:datapath|sc_regfile:regfile|regs~658 ; clk_cpu      ; clk_cpu     ; 100.000      ; -0.174     ; 39.736     ;
; 60.109 ; sc_cpu:cpu|sc_datapath:datapath|pc_reg[5] ; sc_cpu:cpu|sc_datapath:datapath|sc_regfile:regfile|regs~658 ; clk_cpu      ; clk_cpu     ; 100.000      ; -0.174     ; 39.715     ;
; 60.145 ; sc_cpu:cpu|sc_datapath:datapath|pc_reg[9] ; sc_cpu:cpu|sc_datapath:datapath|sc_regfile:regfile|regs~658 ; clk_cpu      ; clk_cpu     ; 100.000      ; -0.174     ; 39.679     ;
; 60.300 ; sc_cpu:cpu|sc_datapath:datapath|pc_reg[4] ; sc_cpu:cpu|sc_datapath:datapath|sc_regfile:regfile|regs~658 ; clk_cpu      ; clk_cpu     ; 100.000      ; -0.174     ; 39.524     ;
; 60.454 ; sc_cpu:cpu|sc_datapath:datapath|pc_reg[8] ; sc_cpu:cpu|sc_datapath:datapath|sc_regfile:regfile|regs~498 ; clk_cpu      ; clk_cpu     ; 100.000      ; -0.141     ; 39.403     ;
; 60.457 ; sc_cpu:cpu|sc_datapath:datapath|pc_reg[8] ; sc_cpu:cpu|sc_datapath:datapath|sc_regfile:regfile|regs~402 ; clk_cpu      ; clk_cpu     ; 100.000      ; -0.141     ; 39.400     ;
; 60.467 ; sc_cpu:cpu|sc_datapath:datapath|pc_reg[8] ; sc_cpu:cpu|sc_datapath:datapath|sc_regfile:regfile|regs~434 ; clk_cpu      ; clk_cpu     ; 100.000      ; -0.140     ; 39.391     ;
; 60.471 ; sc_cpu:cpu|sc_datapath:datapath|pc_reg[2] ; sc_cpu:cpu|sc_datapath:datapath|sc_regfile:regfile|regs~658 ; clk_cpu      ; clk_cpu     ; 100.000      ; -0.174     ; 39.353     ;
; 60.486 ; sc_cpu:cpu|sc_datapath:datapath|pc_reg[8] ; sc_cpu:cpu|sc_datapath:datapath|sc_regfile:regfile|regs~274 ; clk_cpu      ; clk_cpu     ; 100.000      ; -0.146     ; 39.366     ;
; 60.491 ; sc_cpu:cpu|sc_datapath:datapath|pc_reg[8] ; sc_cpu:cpu|sc_datapath:datapath|sc_regfile:regfile|regs~306 ; clk_cpu      ; clk_cpu     ; 100.000      ; -0.146     ; 39.361     ;
; 60.632 ; sc_cpu:cpu|sc_datapath:datapath|pc_reg[8] ; sc_cpu:cpu|sc_datapath:datapath|sc_regfile:regfile|regs~18  ; clk_cpu      ; clk_cpu     ; 100.000      ; -0.117     ; 39.249     ;
; 60.633 ; sc_cpu:cpu|sc_datapath:datapath|pc_reg[8] ; sc_cpu:cpu|sc_datapath:datapath|sc_regfile:regfile|regs~242 ; clk_cpu      ; clk_cpu     ; 100.000      ; -0.117     ; 39.248     ;
; 60.635 ; sc_cpu:cpu|sc_datapath:datapath|pc_reg[8] ; sc_cpu:cpu|sc_datapath:datapath|sc_regfile:regfile|regs~210 ; clk_cpu      ; clk_cpu     ; 100.000      ; -0.139     ; 39.224     ;
; 60.635 ; sc_cpu:cpu|sc_datapath:datapath|pc_reg[8] ; sc_cpu:cpu|sc_datapath:datapath|sc_regfile:regfile|regs~466 ; clk_cpu      ; clk_cpu     ; 100.000      ; -0.139     ; 39.224     ;
; 60.640 ; sc_cpu:cpu|sc_datapath:datapath|pc_reg[6] ; sc_cpu:cpu|sc_datapath:datapath|sc_regfile:regfile|regs~658 ; clk_cpu      ; clk_cpu     ; 100.000      ; -0.174     ; 39.184     ;
; 60.740 ; sc_cpu:cpu|sc_datapath:datapath|pc_reg[8] ; sc_cpu:cpu|sc_datapath:datapath|sc_regfile:regfile|regs~114 ; clk_cpu      ; clk_cpu     ; 100.000      ; -0.151     ; 39.107     ;
; 60.740 ; sc_cpu:cpu|sc_datapath:datapath|pc_reg[8] ; sc_cpu:cpu|sc_datapath:datapath|sc_regfile:regfile|regs~50  ; clk_cpu      ; clk_cpu     ; 100.000      ; -0.151     ; 39.107     ;
; 60.742 ; sc_cpu:cpu|sc_datapath:datapath|pc_reg[8] ; sc_cpu:cpu|sc_datapath:datapath|sc_regfile:regfile|regs~178 ; clk_cpu      ; clk_cpu     ; 100.000      ; -0.157     ; 39.099     ;
; 60.743 ; sc_cpu:cpu|sc_datapath:datapath|pc_reg[7] ; sc_cpu:cpu|sc_datapath:datapath|sc_regfile:regfile|regs~498 ; clk_cpu      ; clk_cpu     ; 100.000      ; -0.141     ; 39.114     ;
; 60.746 ; sc_cpu:cpu|sc_datapath:datapath|pc_reg[7] ; sc_cpu:cpu|sc_datapath:datapath|sc_regfile:regfile|regs~402 ; clk_cpu      ; clk_cpu     ; 100.000      ; -0.141     ; 39.111     ;
; 60.755 ; sc_cpu:cpu|sc_datapath:datapath|pc_reg[3] ; sc_cpu:cpu|sc_datapath:datapath|sc_regfile:regfile|regs~498 ; clk_cpu      ; clk_cpu     ; 100.000      ; -0.141     ; 39.102     ;
; 60.756 ; sc_cpu:cpu|sc_datapath:datapath|pc_reg[7] ; sc_cpu:cpu|sc_datapath:datapath|sc_regfile:regfile|regs~434 ; clk_cpu      ; clk_cpu     ; 100.000      ; -0.140     ; 39.102     ;
; 60.758 ; sc_cpu:cpu|sc_datapath:datapath|pc_reg[3] ; sc_cpu:cpu|sc_datapath:datapath|sc_regfile:regfile|regs~402 ; clk_cpu      ; clk_cpu     ; 100.000      ; -0.141     ; 39.099     ;
; 60.768 ; sc_cpu:cpu|sc_datapath:datapath|pc_reg[3] ; sc_cpu:cpu|sc_datapath:datapath|sc_regfile:regfile|regs~434 ; clk_cpu      ; clk_cpu     ; 100.000      ; -0.140     ; 39.090     ;
; 60.775 ; sc_cpu:cpu|sc_datapath:datapath|pc_reg[7] ; sc_cpu:cpu|sc_datapath:datapath|sc_regfile:regfile|regs~274 ; clk_cpu      ; clk_cpu     ; 100.000      ; -0.146     ; 39.077     ;
; 60.776 ; sc_cpu:cpu|sc_datapath:datapath|pc_reg[5] ; sc_cpu:cpu|sc_datapath:datapath|sc_regfile:regfile|regs~498 ; clk_cpu      ; clk_cpu     ; 100.000      ; -0.141     ; 39.081     ;
; 60.779 ; sc_cpu:cpu|sc_datapath:datapath|pc_reg[5] ; sc_cpu:cpu|sc_datapath:datapath|sc_regfile:regfile|regs~402 ; clk_cpu      ; clk_cpu     ; 100.000      ; -0.141     ; 39.078     ;
; 60.780 ; sc_cpu:cpu|sc_datapath:datapath|pc_reg[7] ; sc_cpu:cpu|sc_datapath:datapath|sc_regfile:regfile|regs~306 ; clk_cpu      ; clk_cpu     ; 100.000      ; -0.146     ; 39.072     ;
; 60.787 ; sc_cpu:cpu|sc_datapath:datapath|pc_reg[3] ; sc_cpu:cpu|sc_datapath:datapath|sc_regfile:regfile|regs~274 ; clk_cpu      ; clk_cpu     ; 100.000      ; -0.146     ; 39.065     ;
; 60.789 ; sc_cpu:cpu|sc_datapath:datapath|pc_reg[5] ; sc_cpu:cpu|sc_datapath:datapath|sc_regfile:regfile|regs~434 ; clk_cpu      ; clk_cpu     ; 100.000      ; -0.140     ; 39.069     ;
; 60.792 ; sc_cpu:cpu|sc_datapath:datapath|pc_reg[3] ; sc_cpu:cpu|sc_datapath:datapath|sc_regfile:regfile|regs~306 ; clk_cpu      ; clk_cpu     ; 100.000      ; -0.146     ; 39.060     ;
; 60.808 ; sc_cpu:cpu|sc_datapath:datapath|pc_reg[5] ; sc_cpu:cpu|sc_datapath:datapath|sc_regfile:regfile|regs~274 ; clk_cpu      ; clk_cpu     ; 100.000      ; -0.146     ; 39.044     ;
; 60.812 ; sc_cpu:cpu|sc_datapath:datapath|pc_reg[9] ; sc_cpu:cpu|sc_datapath:datapath|sc_regfile:regfile|regs~498 ; clk_cpu      ; clk_cpu     ; 100.000      ; -0.141     ; 39.045     ;
; 60.813 ; sc_cpu:cpu|sc_datapath:datapath|pc_reg[5] ; sc_cpu:cpu|sc_datapath:datapath|sc_regfile:regfile|regs~306 ; clk_cpu      ; clk_cpu     ; 100.000      ; -0.146     ; 39.039     ;
; 60.815 ; sc_cpu:cpu|sc_datapath:datapath|pc_reg[9] ; sc_cpu:cpu|sc_datapath:datapath|sc_regfile:regfile|regs~402 ; clk_cpu      ; clk_cpu     ; 100.000      ; -0.141     ; 39.042     ;
; 60.825 ; sc_cpu:cpu|sc_datapath:datapath|pc_reg[9] ; sc_cpu:cpu|sc_datapath:datapath|sc_regfile:regfile|regs~434 ; clk_cpu      ; clk_cpu     ; 100.000      ; -0.140     ; 39.033     ;
; 60.844 ; sc_cpu:cpu|sc_datapath:datapath|pc_reg[9] ; sc_cpu:cpu|sc_datapath:datapath|sc_regfile:regfile|regs~274 ; clk_cpu      ; clk_cpu     ; 100.000      ; -0.146     ; 39.008     ;
; 60.849 ; sc_cpu:cpu|sc_datapath:datapath|pc_reg[9] ; sc_cpu:cpu|sc_datapath:datapath|sc_regfile:regfile|regs~306 ; clk_cpu      ; clk_cpu     ; 100.000      ; -0.146     ; 39.003     ;
; 60.890 ; sc_cpu:cpu|sc_datapath:datapath|pc_reg[8] ; sc_cpu:cpu|sc_datapath:datapath|sc_regfile:regfile|regs~146 ; clk_cpu      ; clk_cpu     ; 100.000      ; -0.159     ; 38.949     ;
; 60.921 ; sc_cpu:cpu|sc_datapath:datapath|pc_reg[7] ; sc_cpu:cpu|sc_datapath:datapath|sc_regfile:regfile|regs~18  ; clk_cpu      ; clk_cpu     ; 100.000      ; -0.117     ; 38.960     ;
; 60.922 ; sc_cpu:cpu|sc_datapath:datapath|pc_reg[7] ; sc_cpu:cpu|sc_datapath:datapath|sc_regfile:regfile|regs~242 ; clk_cpu      ; clk_cpu     ; 100.000      ; -0.117     ; 38.959     ;
; 60.924 ; sc_cpu:cpu|sc_datapath:datapath|pc_reg[7] ; sc_cpu:cpu|sc_datapath:datapath|sc_regfile:regfile|regs~210 ; clk_cpu      ; clk_cpu     ; 100.000      ; -0.139     ; 38.935     ;
; 60.924 ; sc_cpu:cpu|sc_datapath:datapath|pc_reg[7] ; sc_cpu:cpu|sc_datapath:datapath|sc_regfile:regfile|regs~466 ; clk_cpu      ; clk_cpu     ; 100.000      ; -0.139     ; 38.935     ;
; 60.933 ; sc_cpu:cpu|sc_datapath:datapath|pc_reg[3] ; sc_cpu:cpu|sc_datapath:datapath|sc_regfile:regfile|regs~18  ; clk_cpu      ; clk_cpu     ; 100.000      ; -0.117     ; 38.948     ;
; 60.934 ; sc_cpu:cpu|sc_datapath:datapath|pc_reg[3] ; sc_cpu:cpu|sc_datapath:datapath|sc_regfile:regfile|regs~242 ; clk_cpu      ; clk_cpu     ; 100.000      ; -0.117     ; 38.947     ;
; 60.936 ; sc_cpu:cpu|sc_datapath:datapath|pc_reg[3] ; sc_cpu:cpu|sc_datapath:datapath|sc_regfile:regfile|regs~210 ; clk_cpu      ; clk_cpu     ; 100.000      ; -0.139     ; 38.923     ;
; 60.936 ; sc_cpu:cpu|sc_datapath:datapath|pc_reg[3] ; sc_cpu:cpu|sc_datapath:datapath|sc_regfile:regfile|regs~466 ; clk_cpu      ; clk_cpu     ; 100.000      ; -0.139     ; 38.923     ;
; 60.954 ; sc_cpu:cpu|sc_datapath:datapath|pc_reg[5] ; sc_cpu:cpu|sc_datapath:datapath|sc_regfile:regfile|regs~18  ; clk_cpu      ; clk_cpu     ; 100.000      ; -0.117     ; 38.927     ;
; 60.955 ; sc_cpu:cpu|sc_datapath:datapath|pc_reg[8] ; sc_cpu:cpu|sc_datapath:datapath|sc_regfile:regfile|regs~914 ; clk_cpu      ; clk_cpu     ; 100.000      ; -0.171     ; 38.872     ;
; 60.955 ; sc_cpu:cpu|sc_datapath:datapath|pc_reg[5] ; sc_cpu:cpu|sc_datapath:datapath|sc_regfile:regfile|regs~242 ; clk_cpu      ; clk_cpu     ; 100.000      ; -0.117     ; 38.926     ;
; 60.957 ; sc_cpu:cpu|sc_datapath:datapath|pc_reg[5] ; sc_cpu:cpu|sc_datapath:datapath|sc_regfile:regfile|regs~210 ; clk_cpu      ; clk_cpu     ; 100.000      ; -0.139     ; 38.902     ;
; 60.957 ; sc_cpu:cpu|sc_datapath:datapath|pc_reg[5] ; sc_cpu:cpu|sc_datapath:datapath|sc_regfile:regfile|regs~466 ; clk_cpu      ; clk_cpu     ; 100.000      ; -0.139     ; 38.902     ;
; 60.958 ; sc_cpu:cpu|sc_datapath:datapath|pc_reg[8] ; sc_cpu:cpu|sc_datapath:datapath|sc_regfile:regfile|regs~626 ; clk_cpu      ; clk_cpu     ; 100.000      ; -0.148     ; 38.892     ;
; 60.958 ; sc_cpu:cpu|sc_datapath:datapath|pc_reg[8] ; sc_cpu:cpu|sc_datapath:datapath|sc_regfile:regfile|regs~882 ; clk_cpu      ; clk_cpu     ; 100.000      ; -0.148     ; 38.892     ;
; 60.967 ; sc_cpu:cpu|sc_datapath:datapath|pc_reg[4] ; sc_cpu:cpu|sc_datapath:datapath|sc_regfile:regfile|regs~498 ; clk_cpu      ; clk_cpu     ; 100.000      ; -0.141     ; 38.890     ;
; 60.970 ; sc_cpu:cpu|sc_datapath:datapath|pc_reg[4] ; sc_cpu:cpu|sc_datapath:datapath|sc_regfile:regfile|regs~402 ; clk_cpu      ; clk_cpu     ; 100.000      ; -0.141     ; 38.887     ;
; 60.980 ; sc_cpu:cpu|sc_datapath:datapath|pc_reg[4] ; sc_cpu:cpu|sc_datapath:datapath|sc_regfile:regfile|regs~434 ; clk_cpu      ; clk_cpu     ; 100.000      ; -0.140     ; 38.878     ;
; 60.990 ; sc_cpu:cpu|sc_datapath:datapath|pc_reg[9] ; sc_cpu:cpu|sc_datapath:datapath|sc_regfile:regfile|regs~18  ; clk_cpu      ; clk_cpu     ; 100.000      ; -0.117     ; 38.891     ;
; 60.991 ; sc_cpu:cpu|sc_datapath:datapath|pc_reg[9] ; sc_cpu:cpu|sc_datapath:datapath|sc_regfile:regfile|regs~242 ; clk_cpu      ; clk_cpu     ; 100.000      ; -0.117     ; 38.890     ;
; 60.993 ; sc_cpu:cpu|sc_datapath:datapath|pc_reg[9] ; sc_cpu:cpu|sc_datapath:datapath|sc_regfile:regfile|regs~210 ; clk_cpu      ; clk_cpu     ; 100.000      ; -0.139     ; 38.866     ;
; 60.993 ; sc_cpu:cpu|sc_datapath:datapath|pc_reg[9] ; sc_cpu:cpu|sc_datapath:datapath|sc_regfile:regfile|regs~466 ; clk_cpu      ; clk_cpu     ; 100.000      ; -0.139     ; 38.866     ;
; 60.999 ; sc_cpu:cpu|sc_datapath:datapath|pc_reg[4] ; sc_cpu:cpu|sc_datapath:datapath|sc_regfile:regfile|regs~274 ; clk_cpu      ; clk_cpu     ; 100.000      ; -0.146     ; 38.853     ;
; 61.004 ; sc_cpu:cpu|sc_datapath:datapath|pc_reg[4] ; sc_cpu:cpu|sc_datapath:datapath|sc_regfile:regfile|regs~306 ; clk_cpu      ; clk_cpu     ; 100.000      ; -0.146     ; 38.848     ;
; 61.029 ; sc_cpu:cpu|sc_datapath:datapath|pc_reg[7] ; sc_cpu:cpu|sc_datapath:datapath|sc_regfile:regfile|regs~114 ; clk_cpu      ; clk_cpu     ; 100.000      ; -0.151     ; 38.818     ;
; 61.029 ; sc_cpu:cpu|sc_datapath:datapath|pc_reg[7] ; sc_cpu:cpu|sc_datapath:datapath|sc_regfile:regfile|regs~50  ; clk_cpu      ; clk_cpu     ; 100.000      ; -0.151     ; 38.818     ;
; 61.031 ; sc_cpu:cpu|sc_datapath:datapath|pc_reg[7] ; sc_cpu:cpu|sc_datapath:datapath|sc_regfile:regfile|regs~178 ; clk_cpu      ; clk_cpu     ; 100.000      ; -0.157     ; 38.810     ;
; 61.041 ; sc_cpu:cpu|sc_datapath:datapath|pc_reg[3] ; sc_cpu:cpu|sc_datapath:datapath|sc_regfile:regfile|regs~114 ; clk_cpu      ; clk_cpu     ; 100.000      ; -0.151     ; 38.806     ;
; 61.041 ; sc_cpu:cpu|sc_datapath:datapath|pc_reg[3] ; sc_cpu:cpu|sc_datapath:datapath|sc_regfile:regfile|regs~50  ; clk_cpu      ; clk_cpu     ; 100.000      ; -0.151     ; 38.806     ;
; 61.043 ; sc_cpu:cpu|sc_datapath:datapath|pc_reg[3] ; sc_cpu:cpu|sc_datapath:datapath|sc_regfile:regfile|regs~178 ; clk_cpu      ; clk_cpu     ; 100.000      ; -0.157     ; 38.798     ;
; 61.062 ; sc_cpu:cpu|sc_datapath:datapath|pc_reg[5] ; sc_cpu:cpu|sc_datapath:datapath|sc_regfile:regfile|regs~114 ; clk_cpu      ; clk_cpu     ; 100.000      ; -0.151     ; 38.785     ;
; 61.062 ; sc_cpu:cpu|sc_datapath:datapath|pc_reg[5] ; sc_cpu:cpu|sc_datapath:datapath|sc_regfile:regfile|regs~50  ; clk_cpu      ; clk_cpu     ; 100.000      ; -0.151     ; 38.785     ;
; 61.064 ; sc_cpu:cpu|sc_datapath:datapath|pc_reg[5] ; sc_cpu:cpu|sc_datapath:datapath|sc_regfile:regfile|regs~178 ; clk_cpu      ; clk_cpu     ; 100.000      ; -0.157     ; 38.777     ;
; 61.082 ; sc_cpu:cpu|sc_datapath:datapath|pc_reg[8] ; sc_cpu:cpu|sc_datapath:datapath|sc_regfile:regfile|regs~338 ; clk_cpu      ; clk_cpu     ; 100.000      ; -0.133     ; 38.783     ;
; 61.089 ; sc_cpu:cpu|sc_datapath:datapath|pc_reg[8] ; sc_cpu:cpu|sc_datapath:datapath|sc_regfile:regfile|regs~370 ; clk_cpu      ; clk_cpu     ; 100.000      ; -0.132     ; 38.777     ;
; 61.098 ; sc_cpu:cpu|sc_datapath:datapath|pc_reg[9] ; sc_cpu:cpu|sc_datapath:datapath|sc_regfile:regfile|regs~114 ; clk_cpu      ; clk_cpu     ; 100.000      ; -0.151     ; 38.749     ;
; 61.098 ; sc_cpu:cpu|sc_datapath:datapath|pc_reg[9] ; sc_cpu:cpu|sc_datapath:datapath|sc_regfile:regfile|regs~50  ; clk_cpu      ; clk_cpu     ; 100.000      ; -0.151     ; 38.749     ;
; 61.100 ; sc_cpu:cpu|sc_datapath:datapath|pc_reg[9] ; sc_cpu:cpu|sc_datapath:datapath|sc_regfile:regfile|regs~178 ; clk_cpu      ; clk_cpu     ; 100.000      ; -0.157     ; 38.741     ;
; 61.123 ; sc_cpu:cpu|sc_datapath:datapath|pc_reg[8] ; sc_cpu:cpu|sc_datapath:datapath|sc_regfile:regfile|regs~530 ; clk_cpu      ; clk_cpu     ; 100.000      ; -0.180     ; 38.695     ;
; 61.138 ; sc_cpu:cpu|sc_datapath:datapath|pc_reg[2] ; sc_cpu:cpu|sc_datapath:datapath|sc_regfile:regfile|regs~498 ; clk_cpu      ; clk_cpu     ; 100.000      ; -0.141     ; 38.719     ;
; 61.141 ; sc_cpu:cpu|sc_datapath:datapath|pc_reg[2] ; sc_cpu:cpu|sc_datapath:datapath|sc_regfile:regfile|regs~402 ; clk_cpu      ; clk_cpu     ; 100.000      ; -0.141     ; 38.716     ;
; 61.145 ; sc_cpu:cpu|sc_datapath:datapath|pc_reg[4] ; sc_cpu:cpu|sc_datapath:datapath|sc_regfile:regfile|regs~18  ; clk_cpu      ; clk_cpu     ; 100.000      ; -0.117     ; 38.736     ;
; 61.146 ; sc_cpu:cpu|sc_datapath:datapath|pc_reg[4] ; sc_cpu:cpu|sc_datapath:datapath|sc_regfile:regfile|regs~242 ; clk_cpu      ; clk_cpu     ; 100.000      ; -0.117     ; 38.735     ;
; 61.148 ; sc_cpu:cpu|sc_datapath:datapath|pc_reg[4] ; sc_cpu:cpu|sc_datapath:datapath|sc_regfile:regfile|regs~210 ; clk_cpu      ; clk_cpu     ; 100.000      ; -0.139     ; 38.711     ;
; 61.148 ; sc_cpu:cpu|sc_datapath:datapath|pc_reg[4] ; sc_cpu:cpu|sc_datapath:datapath|sc_regfile:regfile|regs~466 ; clk_cpu      ; clk_cpu     ; 100.000      ; -0.139     ; 38.711     ;
; 61.151 ; sc_cpu:cpu|sc_datapath:datapath|pc_reg[2] ; sc_cpu:cpu|sc_datapath:datapath|sc_regfile:regfile|regs~434 ; clk_cpu      ; clk_cpu     ; 100.000      ; -0.140     ; 38.707     ;
; 61.155 ; sc_cpu:cpu|sc_datapath:datapath|pc_reg[8] ; sc_cpu:cpu|sc_datapath:datapath|sc_regfile:regfile|regs~786 ; clk_cpu      ; clk_cpu     ; 100.000      ; -0.180     ; 38.663     ;
; 61.170 ; sc_cpu:cpu|sc_datapath:datapath|pc_reg[2] ; sc_cpu:cpu|sc_datapath:datapath|sc_regfile:regfile|regs~274 ; clk_cpu      ; clk_cpu     ; 100.000      ; -0.146     ; 38.682     ;
; 61.175 ; sc_cpu:cpu|sc_datapath:datapath|pc_reg[2] ; sc_cpu:cpu|sc_datapath:datapath|sc_regfile:regfile|regs~306 ; clk_cpu      ; clk_cpu     ; 100.000      ; -0.146     ; 38.677     ;
; 61.179 ; sc_cpu:cpu|sc_datapath:datapath|pc_reg[7] ; sc_cpu:cpu|sc_datapath:datapath|sc_regfile:regfile|regs~146 ; clk_cpu      ; clk_cpu     ; 100.000      ; -0.159     ; 38.660     ;
; 61.191 ; sc_cpu:cpu|sc_datapath:datapath|pc_reg[3] ; sc_cpu:cpu|sc_datapath:datapath|sc_regfile:regfile|regs~146 ; clk_cpu      ; clk_cpu     ; 100.000      ; -0.159     ; 38.648     ;
; 61.212 ; sc_cpu:cpu|sc_datapath:datapath|pc_reg[5] ; sc_cpu:cpu|sc_datapath:datapath|sc_regfile:regfile|regs~146 ; clk_cpu      ; clk_cpu     ; 100.000      ; -0.159     ; 38.627     ;
; 61.244 ; sc_cpu:cpu|sc_datapath:datapath|pc_reg[7] ; sc_cpu:cpu|sc_datapath:datapath|sc_regfile:regfile|regs~914 ; clk_cpu      ; clk_cpu     ; 100.000      ; -0.171     ; 38.583     ;
; 61.247 ; sc_cpu:cpu|sc_datapath:datapath|pc_reg[7] ; sc_cpu:cpu|sc_datapath:datapath|sc_regfile:regfile|regs~626 ; clk_cpu      ; clk_cpu     ; 100.000      ; -0.148     ; 38.603     ;
; 61.247 ; sc_cpu:cpu|sc_datapath:datapath|pc_reg[7] ; sc_cpu:cpu|sc_datapath:datapath|sc_regfile:regfile|regs~882 ; clk_cpu      ; clk_cpu     ; 100.000      ; -0.148     ; 38.603     ;
; 61.248 ; sc_cpu:cpu|sc_datapath:datapath|pc_reg[9] ; sc_cpu:cpu|sc_datapath:datapath|sc_regfile:regfile|regs~146 ; clk_cpu      ; clk_cpu     ; 100.000      ; -0.159     ; 38.591     ;
; 61.253 ; sc_cpu:cpu|sc_datapath:datapath|pc_reg[4] ; sc_cpu:cpu|sc_datapath:datapath|sc_regfile:regfile|regs~114 ; clk_cpu      ; clk_cpu     ; 100.000      ; -0.151     ; 38.594     ;
; 61.253 ; sc_cpu:cpu|sc_datapath:datapath|pc_reg[4] ; sc_cpu:cpu|sc_datapath:datapath|sc_regfile:regfile|regs~50  ; clk_cpu      ; clk_cpu     ; 100.000      ; -0.151     ; 38.594     ;
; 61.255 ; sc_cpu:cpu|sc_datapath:datapath|pc_reg[4] ; sc_cpu:cpu|sc_datapath:datapath|sc_regfile:regfile|regs~178 ; clk_cpu      ; clk_cpu     ; 100.000      ; -0.157     ; 38.586     ;
+--------+-------------------------------------------+-------------------------------------------------------------+--------------+-------------+--------------+------------+------------+


+--------------------------------------------------------------------------------------------------------------------------------------------------------------------------------------------------------------------------------------------------+
; Slow 1200mV 85C Model Hold: 'clk_cpu'                                                                                                                                                                                                            ;
+-------+---------------------------------------------------------------------------------+----------------------------------------------------------------------------------+--------------+-------------+--------------+------------+------------+
; Slack ; From Node                                                                       ; To Node                                                                          ; Launch Clock ; Latch Clock ; Relationship ; Clock Skew ; Data Delay ;
+-------+---------------------------------------------------------------------------------+----------------------------------------------------------------------------------+--------------+-------------+--------------+------------+------------+
; 0.403 ; sc_cpu:cpu|sc_datapath:datapath|sc_mmio:mmio|sc_uart:uart_inst|rx_bit_idx[2]    ; sc_cpu:cpu|sc_datapath:datapath|sc_mmio:mmio|sc_uart:uart_inst|rx_bit_idx[2]     ; clk_cpu      ; clk_cpu     ; 0.000        ; 0.080      ; 0.669      ;
; 0.403 ; sc_cpu:cpu|sc_datapath:datapath|sc_mmio:mmio|sc_uart:uart_inst|rx_bit_idx[1]    ; sc_cpu:cpu|sc_datapath:datapath|sc_mmio:mmio|sc_uart:uart_inst|rx_bit_idx[1]     ; clk_cpu      ; clk_cpu     ; 0.000        ; 0.080      ; 0.669      ;
; 0.404 ; sc_cpu:cpu|sc_datapath:datapath|sc_mmio:mmio|sc_uart:uart_inst|tx_sr[7]         ; sc_cpu:cpu|sc_datapath:datapath|sc_mmio:mmio|sc_uart:uart_inst|tx_sr[7]          ; clk_cpu      ; clk_cpu     ; 0.000        ; 0.079      ; 0.669      ;
; 0.404 ; sc_cpu:cpu|sc_datapath:datapath|sc_mmio:mmio|rx_ready                           ; sc_cpu:cpu|sc_datapath:datapath|sc_mmio:mmio|rx_ready                            ; clk_cpu      ; clk_cpu     ; 0.000        ; 0.079      ; 0.669      ;
; 0.404 ; sc_cpu:cpu|sc_datapath:datapath|sc_mmio:mmio|tx_byte_idx[1]                     ; sc_cpu:cpu|sc_datapath:datapath|sc_mmio:mmio|tx_byte_idx[1]                      ; clk_cpu      ; clk_cpu     ; 0.000        ; 0.079      ; 0.669      ;
; 0.404 ; sc_cpu:cpu|sc_datapath:datapath|sc_mmio:mmio|tx_byte_idx[0]                     ; sc_cpu:cpu|sc_datapath:datapath|sc_mmio:mmio|tx_byte_idx[0]                      ; clk_cpu      ; clk_cpu     ; 0.000        ; 0.079      ; 0.669      ;
; 0.404 ; sc_cpu:cpu|sc_datapath:datapath|sc_mmio:mmio|sc_uart:uart_inst|tx_busy          ; sc_cpu:cpu|sc_datapath:datapath|sc_mmio:mmio|sc_uart:uart_inst|tx_busy           ; clk_cpu      ; clk_cpu     ; 0.000        ; 0.079      ; 0.669      ;
; 0.404 ; sc_cpu:cpu|sc_datapath:datapath|sc_mmio:mmio|sc_uart:uart_inst|tx_state.TX_IDLE ; sc_cpu:cpu|sc_datapath:datapath|sc_mmio:mmio|sc_uart:uart_inst|tx_state.TX_IDLE  ; clk_cpu      ; clk_cpu     ; 0.000        ; 0.079      ; 0.669      ;
; 0.404 ; sc_cpu:cpu|sc_datapath:datapath|sc_mmio:mmio|sc_uart:uart_inst|tx_bit_idx[1]    ; sc_cpu:cpu|sc_datapath:datapath|sc_mmio:mmio|sc_uart:uart_inst|tx_bit_idx[1]     ; clk_cpu      ; clk_cpu     ; 0.000        ; 0.079      ; 0.669      ;
; 0.404 ; sc_cpu:cpu|sc_datapath:datapath|sc_mmio:mmio|sc_uart:uart_inst|tx_bit_idx[2]    ; sc_cpu:cpu|sc_datapath:datapath|sc_mmio:mmio|sc_uart:uart_inst|tx_bit_idx[2]     ; clk_cpu      ; clk_cpu     ; 0.000        ; 0.079      ; 0.669      ;
; 0.404 ; sc_cpu:cpu|sc_datapath:datapath|sc_mmio:mmio|sc_uart:uart_inst|tx_state.TX_STOP ; sc_cpu:cpu|sc_datapath:datapath|sc_mmio:mmio|sc_uart:uart_inst|tx_state.TX_STOP  ; clk_cpu      ; clk_cpu     ; 0.000        ; 0.079      ; 0.669      ;
; 0.404 ; sc_cpu:cpu|sc_datapath:datapath|sc_mmio:mmio|sc_uart:uart_inst|rx_state.RX_STOP ; sc_cpu:cpu|sc_datapath:datapath|sc_mmio:mmio|sc_uart:uart_inst|rx_state.RX_STOP  ; clk_cpu      ; clk_cpu     ; 0.000        ; 0.079      ; 0.669      ;
; 0.404 ; sc_cpu:cpu|sc_datapath:datapath|sc_mmio:mmio|sc_uart:uart_inst|rx_state.RX_IDLE ; sc_cpu:cpu|sc_datapath:datapath|sc_mmio:mmio|sc_uart:uart_inst|rx_state.RX_IDLE  ; clk_cpu      ; clk_cpu     ; 0.000        ; 0.079      ; 0.669      ;
; 0.408 ; sc_cpu:cpu|sc_datapath:datapath|sc_mmio:mmio|cycle_count[0]                     ; sc_cpu:cpu|sc_datapath:datapath|sc_mmio:mmio|cycle_count[0]                      ; clk_cpu      ; clk_cpu     ; 0.000        ; 0.080      ; 0.674      ;
; 0.408 ; sc_cpu:cpu|sc_datapath:datapath|sc_mmio:mmio|sc_uart:uart_inst|rx_bit_idx[0]    ; sc_cpu:cpu|sc_datapath:datapath|sc_mmio:mmio|sc_uart:uart_inst|rx_bit_idx[0]     ; clk_cpu      ; clk_cpu     ; 0.000        ; 0.080      ; 0.674      ;
; 0.409 ; sc_cpu:cpu|sc_datapath:datapath|sc_mmio:mmio|sc_uart:uart_inst|tx_bit_idx[0]    ; sc_cpu:cpu|sc_datapath:datapath|sc_mmio:mmio|sc_uart:uart_inst|tx_bit_idx[0]     ; clk_cpu      ; clk_cpu     ; 0.000        ; 0.079      ; 0.674      ;
; 0.429 ; sc_cpu:cpu|sc_datapath:datapath|sc_mmio:mmio|sc_uart:uart_inst|tx_bit_idx[1]    ; sc_cpu:cpu|sc_datapath:datapath|sc_mmio:mmio|sc_uart:uart_inst|tx_bit_idx[2]     ; clk_cpu      ; clk_cpu     ; 0.000        ; 0.079      ; 0.694      ;
; 0.430 ; sc_cpu:cpu|sc_datapath:datapath|sc_mmio:mmio|sc_uart:uart_inst|rx_valid         ; sc_cpu:cpu|sc_datapath:datapath|sc_mmio:mmio|rx_ready                            ; clk_cpu      ; clk_cpu     ; 0.000        ; 0.079      ; 0.695      ;
; 0.445 ; sc_cpu:cpu|sc_datapath:datapath|sc_mmio:mmio|sc_uart:uart_inst|rx_state.RX_IDLE ; sc_cpu:cpu|sc_datapath:datapath|sc_mmio:mmio|sc_uart:uart_inst|rx_state.RX_START ; clk_cpu      ; clk_cpu     ; 0.000        ; 0.079      ; 0.710      ;
; 0.452 ; sc_cpu:cpu|sc_datapath:datapath|sc_mmio:mmio|sc_uart:uart_inst|rx_state.RX_STOP ; sc_cpu:cpu|sc_datapath:datapath|sc_mmio:mmio|sc_uart:uart_inst|rx_valid          ; clk_cpu      ; clk_cpu     ; 0.000        ; 0.079      ; 0.717      ;
; 0.462 ; sc_cpu:cpu|sc_datapath:datapath|pc_reg[31]                                      ; sc_cpu:cpu|sc_datapath:datapath|pc_reg[31]                                       ; clk_cpu      ; clk_cpu     ; 0.000        ; 0.082      ; 0.730      ;
; 0.473 ; sc_cpu:cpu|sc_datapath:datapath|sc_mmio:mmio|sc_uart:uart_inst|tx_state.TX_STOP ; sc_cpu:cpu|sc_datapath:datapath|sc_mmio:mmio|sc_uart:uart_inst|tx_state.TX_DATA  ; clk_cpu      ; clk_cpu     ; 0.000        ; 0.079      ; 0.738      ;
; 0.484 ; sc_cpu:cpu|sc_datapath:datapath|sc_mmio:mmio|sc_uart:uart_inst|tx_state.TX_IDLE ; sc_cpu:cpu|sc_datapath:datapath|sc_mmio:mmio|sc_uart:uart_inst|tx_busy           ; clk_cpu      ; clk_cpu     ; 0.000        ; 0.079      ; 0.749      ;
; 0.491 ; sc_cpu:cpu|sc_datapath:datapath|sc_mmio:mmio|sc_uart:uart_inst|tx_state.TX_DATA ; sc_cpu:cpu|sc_datapath:datapath|sc_mmio:mmio|sc_uart:uart_inst|TXD               ; clk_cpu      ; clk_cpu     ; 0.000        ; 0.079      ; 0.756      ;
; 0.600 ; sc_cpu:cpu|sc_datapath:datapath|sc_mmio:mmio|sc_uart:uart_inst|tx_sr[4]         ; sc_cpu:cpu|sc_datapath:datapath|sc_mmio:mmio|sc_uart:uart_inst|tx_sr[3]          ; clk_cpu      ; clk_cpu     ; 0.000        ; 0.081      ; 0.867      ;
; 0.600 ; sc_cpu:cpu|sc_datapath:datapath|sc_mmio:mmio|sc_uart:uart_inst|tx_sr[5]         ; sc_cpu:cpu|sc_datapath:datapath|sc_mmio:mmio|sc_uart:uart_inst|tx_sr[4]          ; clk_cpu      ; clk_cpu     ; 0.000        ; 0.081      ; 0.867      ;
; 0.601 ; sc_cpu:cpu|sc_datapath:datapath|sc_mmio:mmio|sc_uart:uart_inst|tx_sr[6]         ; sc_cpu:cpu|sc_datapath:datapath|sc_mmio:mmio|sc_uart:uart_inst|tx_sr[5]          ; clk_cpu      ; clk_cpu     ; 0.000        ; 0.081      ; 0.868      ;
; 0.601 ; sc_cpu:cpu|sc_datapath:datapath|sc_mmio:mmio|sc_uart:uart_inst|rx_sr[0]         ; sc_cpu:cpu|sc_datapath:datapath|sc_mmio:mmio|sc_uart:uart_inst|rx_data[0]        ; clk_cpu      ; clk_cpu     ; 0.000        ; 0.079      ; 0.866      ;
; 0.602 ; sc_cpu:cpu|sc_datapath:datapath|sc_mmio:mmio|sc_uart:uart_inst|tx_sr[1]         ; sc_cpu:cpu|sc_datapath:datapath|sc_mmio:mmio|sc_uart:uart_inst|tx_sr[0]          ; clk_cpu      ; clk_cpu     ; 0.000        ; 0.079      ; 0.867      ;
; 0.604 ; sc_cpu:cpu|sc_datapath:datapath|sc_mmio:mmio|sc_uart:uart_inst|tx_sr[2]         ; sc_cpu:cpu|sc_datapath:datapath|sc_mmio:mmio|sc_uart:uart_inst|tx_sr[1]          ; clk_cpu      ; clk_cpu     ; 0.000        ; 0.079      ; 0.869      ;
; 0.607 ; sc_cpu:cpu|sc_datapath:datapath|sc_mmio:mmio|sc_uart:uart_inst|rx_sr[5]         ; sc_cpu:cpu|sc_datapath:datapath|sc_mmio:mmio|sc_uart:uart_inst|rx_data[5]        ; clk_cpu      ; clk_cpu     ; 0.000        ; 0.080      ; 0.873      ;
; 0.607 ; sc_cpu:cpu|sc_datapath:datapath|sc_mmio:mmio|sc_uart:uart_inst|rx_sr[6]         ; sc_cpu:cpu|sc_datapath:datapath|sc_mmio:mmio|sc_uart:uart_inst|rx_sr[5]          ; clk_cpu      ; clk_cpu     ; 0.000        ; 0.080      ; 0.873      ;
; 0.608 ; sc_cpu:cpu|sc_datapath:datapath|sc_mmio:mmio|sc_uart:uart_inst|rx_sr[4]         ; sc_cpu:cpu|sc_datapath:datapath|sc_mmio:mmio|sc_uart:uart_inst|rx_data[4]        ; clk_cpu      ; clk_cpu     ; 0.000        ; 0.080      ; 0.874      ;
; 0.608 ; sc_cpu:cpu|sc_datapath:datapath|sc_mmio:mmio|sc_uart:uart_inst|rx_sr[6]         ; sc_cpu:cpu|sc_datapath:datapath|sc_mmio:mmio|sc_uart:uart_inst|rx_data[6]        ; clk_cpu      ; clk_cpu     ; 0.000        ; 0.080      ; 0.874      ;
; 0.609 ; sc_cpu:cpu|sc_datapath:datapath|sc_mmio:mmio|sc_uart:uart_inst|rx_sr[4]         ; sc_cpu:cpu|sc_datapath:datapath|sc_mmio:mmio|sc_uart:uart_inst|rx_sr[3]          ; clk_cpu      ; clk_cpu     ; 0.000        ; 0.080      ; 0.875      ;
; 0.609 ; sc_cpu:cpu|sc_datapath:datapath|sc_mmio:mmio|sc_uart:uart_inst|rx_sr[7]         ; sc_cpu:cpu|sc_datapath:datapath|sc_mmio:mmio|sc_uart:uart_inst|rx_data[7]        ; clk_cpu      ; clk_cpu     ; 0.000        ; 0.080      ; 0.875      ;
; 0.610 ; sc_cpu:cpu|sc_datapath:datapath|sc_mmio:mmio|sc_uart:uart_inst|rx_sr[5]         ; sc_cpu:cpu|sc_datapath:datapath|sc_mmio:mmio|sc_uart:uart_inst|rx_sr[4]          ; clk_cpu      ; clk_cpu     ; 0.000        ; 0.080      ; 0.876      ;
; 0.610 ; sc_cpu:cpu|sc_datapath:datapath|sc_mmio:mmio|sc_uart:uart_inst|rx_sr[7]         ; sc_cpu:cpu|sc_datapath:datapath|sc_mmio:mmio|sc_uart:uart_inst|rx_sr[6]          ; clk_cpu      ; clk_cpu     ; 0.000        ; 0.080      ; 0.876      ;
; 0.612 ; sc_cpu:cpu|sc_datapath:datapath|sc_mmio:mmio|sc_uart:uart_inst|rx_sr[1]         ; sc_cpu:cpu|sc_datapath:datapath|sc_mmio:mmio|sc_uart:uart_inst|rx_sr[0]          ; clk_cpu      ; clk_cpu     ; 0.000        ; 0.079      ; 0.877      ;
; 0.612 ; sc_cpu:cpu|sc_datapath:datapath|sc_mmio:mmio|sc_uart:uart_inst|rx_sr[1]         ; sc_cpu:cpu|sc_datapath:datapath|sc_mmio:mmio|sc_uart:uart_inst|rx_data[1]        ; clk_cpu      ; clk_cpu     ; 0.000        ; 0.079      ; 0.877      ;
; 0.612 ; sc_cpu:cpu|sc_datapath:datapath|sc_mmio:mmio|sc_uart:uart_inst|rx_sr[2]         ; sc_cpu:cpu|sc_datapath:datapath|sc_mmio:mmio|sc_uart:uart_inst|rx_sr[1]          ; clk_cpu      ; clk_cpu     ; 0.000        ; 0.079      ; 0.877      ;
; 0.613 ; sc_cpu:cpu|sc_datapath:datapath|sc_mmio:mmio|sc_uart:uart_inst|rx_sr[2]         ; sc_cpu:cpu|sc_datapath:datapath|sc_mmio:mmio|sc_uart:uart_inst|rx_data[2]        ; clk_cpu      ; clk_cpu     ; 0.000        ; 0.079      ; 0.878      ;
; 0.621 ; sc_cpu:cpu|sc_datapath:datapath|sc_mmio:mmio|sc_uart:uart_inst|rxd_q            ; sc_cpu:cpu|sc_datapath:datapath|sc_mmio:mmio|sc_uart:uart_inst|rx_sr[7]          ; clk_cpu      ; clk_cpu     ; 0.000        ; 0.080      ; 0.887      ;
; 0.644 ; sc_cpu:cpu|sc_datapath:datapath|sc_mmio:mmio|sc_uart:uart_inst|rx_bit_idx[1]    ; sc_cpu:cpu|sc_datapath:datapath|sc_mmio:mmio|sc_uart:uart_inst|rx_bit_idx[2]     ; clk_cpu      ; clk_cpu     ; 0.000        ; 0.080      ; 0.910      ;
; 0.654 ; sc_cpu:cpu|sc_datapath:datapath|pc_reg[7]                                       ; sc_cpu:cpu|sc_datapath:datapath|pc_reg[7]                                        ; clk_cpu      ; clk_cpu     ; 0.000        ; 0.082      ; 0.922      ;
; 0.655 ; sc_cpu:cpu|sc_datapath:datapath|pc_reg[17]                                      ; sc_cpu:cpu|sc_datapath:datapath|pc_reg[17]                                       ; clk_cpu      ; clk_cpu     ; 0.000        ; 0.082      ; 0.923      ;
; 0.655 ; sc_cpu:cpu|sc_datapath:datapath|pc_reg[16]                                      ; sc_cpu:cpu|sc_datapath:datapath|pc_reg[16]                                       ; clk_cpu      ; clk_cpu     ; 0.000        ; 0.082      ; 0.923      ;
; 0.655 ; sc_cpu:cpu|sc_datapath:datapath|pc_reg[15]                                      ; sc_cpu:cpu|sc_datapath:datapath|pc_reg[15]                                       ; clk_cpu      ; clk_cpu     ; 0.000        ; 0.082      ; 0.923      ;
; 0.655 ; sc_cpu:cpu|sc_datapath:datapath|pc_reg[14]                                      ; sc_cpu:cpu|sc_datapath:datapath|pc_reg[14]                                       ; clk_cpu      ; clk_cpu     ; 0.000        ; 0.082      ; 0.923      ;
; 0.655 ; sc_cpu:cpu|sc_datapath:datapath|pc_reg[6]                                       ; sc_cpu:cpu|sc_datapath:datapath|pc_reg[6]                                        ; clk_cpu      ; clk_cpu     ; 0.000        ; 0.082      ; 0.923      ;
; 0.655 ; sc_cpu:cpu|sc_datapath:datapath|pc_reg[3]                                       ; sc_cpu:cpu|sc_datapath:datapath|pc_reg[3]                                        ; clk_cpu      ; clk_cpu     ; 0.000        ; 0.082      ; 0.923      ;
; 0.655 ; sc_cpu:cpu|sc_datapath:datapath|pc_reg[4]                                       ; sc_cpu:cpu|sc_datapath:datapath|pc_reg[4]                                        ; clk_cpu      ; clk_cpu     ; 0.000        ; 0.082      ; 0.923      ;
; 0.655 ; sc_cpu:cpu|sc_datapath:datapath|sc_mmio:mmio|sc_uart:uart_inst|tx_bit_idx[0]    ; sc_cpu:cpu|sc_datapath:datapath|sc_mmio:mmio|sc_uart:uart_inst|tx_bit_idx[2]     ; clk_cpu      ; clk_cpu     ; 0.000        ; 0.079      ; 0.920      ;
; 0.656 ; sc_cpu:cpu|sc_datapath:datapath|pc_reg[30]                                      ; sc_cpu:cpu|sc_datapath:datapath|pc_reg[30]                                       ; clk_cpu      ; clk_cpu     ; 0.000        ; 0.082      ; 0.924      ;
; 0.656 ; sc_cpu:cpu|sc_datapath:datapath|pc_reg[22]                                      ; sc_cpu:cpu|sc_datapath:datapath|pc_reg[22]                                       ; clk_cpu      ; clk_cpu     ; 0.000        ; 0.082      ; 0.924      ;
; 0.656 ; sc_cpu:cpu|sc_datapath:datapath|pc_reg[20]                                      ; sc_cpu:cpu|sc_datapath:datapath|pc_reg[20]                                       ; clk_cpu      ; clk_cpu     ; 0.000        ; 0.082      ; 0.924      ;
; 0.656 ; sc_cpu:cpu|sc_datapath:datapath|pc_reg[19]                                      ; sc_cpu:cpu|sc_datapath:datapath|pc_reg[19]                                       ; clk_cpu      ; clk_cpu     ; 0.000        ; 0.082      ; 0.924      ;
; 0.656 ; sc_cpu:cpu|sc_datapath:datapath|pc_reg[12]                                      ; sc_cpu:cpu|sc_datapath:datapath|pc_reg[12]                                       ; clk_cpu      ; clk_cpu     ; 0.000        ; 0.082      ; 0.924      ;
; 0.656 ; sc_cpu:cpu|sc_datapath:datapath|pc_reg[11]                                      ; sc_cpu:cpu|sc_datapath:datapath|pc_reg[11]                                       ; clk_cpu      ; clk_cpu     ; 0.000        ; 0.082      ; 0.924      ;
; 0.656 ; sc_cpu:cpu|sc_datapath:datapath|sc_mmio:mmio|cycle_count[6]                     ; sc_cpu:cpu|sc_datapath:datapath|sc_mmio:mmio|cycle_count[6]                      ; clk_cpu      ; clk_cpu     ; 0.000        ; 0.080      ; 0.922      ;
; 0.656 ; sc_cpu:cpu|sc_datapath:datapath|sc_mmio:mmio|sc_uart:uart_inst|rx_cnt[3]        ; sc_cpu:cpu|sc_datapath:datapath|sc_mmio:mmio|sc_uart:uart_inst|rx_cnt[3]         ; clk_cpu      ; clk_cpu     ; 0.000        ; 0.080      ; 0.922      ;
; 0.656 ; sc_cpu:cpu|sc_datapath:datapath|sc_mmio:mmio|sc_uart:uart_inst|rx_cnt[5]        ; sc_cpu:cpu|sc_datapath:datapath|sc_mmio:mmio|sc_uart:uart_inst|rx_cnt[5]         ; clk_cpu      ; clk_cpu     ; 0.000        ; 0.080      ; 0.922      ;
; 0.656 ; sc_cpu:cpu|sc_datapath:datapath|sc_mmio:mmio|sc_uart:uart_inst|rx_cnt[13]       ; sc_cpu:cpu|sc_datapath:datapath|sc_mmio:mmio|sc_uart:uart_inst|rx_cnt[13]        ; clk_cpu      ; clk_cpu     ; 0.000        ; 0.080      ; 0.922      ;
; 0.657 ; sc_cpu:cpu|sc_datapath:datapath|pc_reg[29]                                      ; sc_cpu:cpu|sc_datapath:datapath|pc_reg[29]                                       ; clk_cpu      ; clk_cpu     ; 0.000        ; 0.082      ; 0.925      ;
; 0.657 ; sc_cpu:cpu|sc_datapath:datapath|pc_reg[27]                                      ; sc_cpu:cpu|sc_datapath:datapath|pc_reg[27]                                       ; clk_cpu      ; clk_cpu     ; 0.000        ; 0.082      ; 0.925      ;
; 0.657 ; sc_cpu:cpu|sc_datapath:datapath|pc_reg[25]                                      ; sc_cpu:cpu|sc_datapath:datapath|pc_reg[25]                                       ; clk_cpu      ; clk_cpu     ; 0.000        ; 0.082      ; 0.925      ;
; 0.657 ; sc_cpu:cpu|sc_datapath:datapath|pc_reg[21]                                      ; sc_cpu:cpu|sc_datapath:datapath|pc_reg[21]                                       ; clk_cpu      ; clk_cpu     ; 0.000        ; 0.082      ; 0.925      ;
; 0.657 ; sc_cpu:cpu|sc_datapath:datapath|sc_mmio:mmio|cycle_count[22]                    ; sc_cpu:cpu|sc_datapath:datapath|sc_mmio:mmio|cycle_count[22]                     ; clk_cpu      ; clk_cpu     ; 0.000        ; 0.079      ; 0.922      ;
; 0.657 ; sc_cpu:cpu|sc_datapath:datapath|sc_mmio:mmio|cycle_count[15]                    ; sc_cpu:cpu|sc_datapath:datapath|sc_mmio:mmio|cycle_count[15]                     ; clk_cpu      ; clk_cpu     ; 0.000        ; 0.080      ; 0.923      ;
; 0.657 ; sc_cpu:cpu|sc_datapath:datapath|sc_mmio:mmio|cycle_count[14]                    ; sc_cpu:cpu|sc_datapath:datapath|sc_mmio:mmio|cycle_count[14]                     ; clk_cpu      ; clk_cpu     ; 0.000        ; 0.080      ; 0.923      ;
; 0.657 ; sc_cpu:cpu|sc_datapath:datapath|sc_mmio:mmio|cycle_count[13]                    ; sc_cpu:cpu|sc_datapath:datapath|sc_mmio:mmio|cycle_count[13]                     ; clk_cpu      ; clk_cpu     ; 0.000        ; 0.080      ; 0.923      ;
; 0.657 ; sc_cpu:cpu|sc_datapath:datapath|sc_mmio:mmio|sc_uart:uart_inst|tx_cnt[3]        ; sc_cpu:cpu|sc_datapath:datapath|sc_mmio:mmio|sc_uart:uart_inst|tx_cnt[3]         ; clk_cpu      ; clk_cpu     ; 0.000        ; 0.079      ; 0.922      ;
; 0.657 ; sc_cpu:cpu|sc_datapath:datapath|sc_mmio:mmio|sc_uart:uart_inst|tx_cnt[5]        ; sc_cpu:cpu|sc_datapath:datapath|sc_mmio:mmio|sc_uart:uart_inst|tx_cnt[5]         ; clk_cpu      ; clk_cpu     ; 0.000        ; 0.079      ; 0.922      ;
; 0.657 ; sc_cpu:cpu|sc_datapath:datapath|sc_mmio:mmio|sc_uart:uart_inst|tx_cnt[13]       ; sc_cpu:cpu|sc_datapath:datapath|sc_mmio:mmio|sc_uart:uart_inst|tx_cnt[13]        ; clk_cpu      ; clk_cpu     ; 0.000        ; 0.079      ; 0.922      ;
; 0.657 ; sc_cpu:cpu|sc_datapath:datapath|sc_mmio:mmio|cycle_count[5]                     ; sc_cpu:cpu|sc_datapath:datapath|sc_mmio:mmio|cycle_count[5]                      ; clk_cpu      ; clk_cpu     ; 0.000        ; 0.080      ; 0.923      ;
; 0.657 ; sc_cpu:cpu|sc_datapath:datapath|sc_mmio:mmio|cycle_count[3]                     ; sc_cpu:cpu|sc_datapath:datapath|sc_mmio:mmio|cycle_count[3]                      ; clk_cpu      ; clk_cpu     ; 0.000        ; 0.080      ; 0.923      ;
; 0.657 ; sc_cpu:cpu|sc_datapath:datapath|sc_mmio:mmio|cycle_count[2]                     ; sc_cpu:cpu|sc_datapath:datapath|sc_mmio:mmio|cycle_count[2]                      ; clk_cpu      ; clk_cpu     ; 0.000        ; 0.080      ; 0.923      ;
; 0.657 ; sc_cpu:cpu|sc_datapath:datapath|sc_mmio:mmio|sc_uart:uart_inst|rx_cnt[11]       ; sc_cpu:cpu|sc_datapath:datapath|sc_mmio:mmio|sc_uart:uart_inst|rx_cnt[11]        ; clk_cpu      ; clk_cpu     ; 0.000        ; 0.080      ; 0.923      ;
; 0.657 ; sc_cpu:cpu|sc_datapath:datapath|sc_mmio:mmio|sc_uart:uart_inst|rx_cnt[1]        ; sc_cpu:cpu|sc_datapath:datapath|sc_mmio:mmio|sc_uart:uart_inst|rx_cnt[1]         ; clk_cpu      ; clk_cpu     ; 0.000        ; 0.080      ; 0.923      ;
; 0.657 ; sc_cpu:cpu|sc_datapath:datapath|sc_mmio:mmio|sc_uart:uart_inst|rx_bit_idx[0]    ; sc_cpu:cpu|sc_datapath:datapath|sc_mmio:mmio|sc_uart:uart_inst|rx_bit_idx[1]     ; clk_cpu      ; clk_cpu     ; 0.000        ; 0.080      ; 0.923      ;
; 0.657 ; sc_cpu:cpu|sc_datapath:datapath|sc_mmio:mmio|sc_uart:uart_inst|tx_bit_idx[0]    ; sc_cpu:cpu|sc_datapath:datapath|sc_mmio:mmio|sc_uart:uart_inst|tx_bit_idx[1]     ; clk_cpu      ; clk_cpu     ; 0.000        ; 0.079      ; 0.922      ;
; 0.658 ; sc_cpu:cpu|sc_datapath:datapath|pc_reg[18]                                      ; sc_cpu:cpu|sc_datapath:datapath|pc_reg[18]                                       ; clk_cpu      ; clk_cpu     ; 0.000        ; 0.082      ; 0.926      ;
; 0.658 ; sc_cpu:cpu|sc_datapath:datapath|sc_mmio:mmio|cycle_count[16]                    ; sc_cpu:cpu|sc_datapath:datapath|sc_mmio:mmio|cycle_count[16]                     ; clk_cpu      ; clk_cpu     ; 0.000        ; 0.079      ; 0.923      ;
; 0.658 ; sc_cpu:cpu|sc_datapath:datapath|sc_mmio:mmio|cycle_count[12]                    ; sc_cpu:cpu|sc_datapath:datapath|sc_mmio:mmio|cycle_count[12]                     ; clk_cpu      ; clk_cpu     ; 0.000        ; 0.080      ; 0.924      ;
; 0.658 ; sc_cpu:cpu|sc_datapath:datapath|sc_mmio:mmio|cycle_count[11]                    ; sc_cpu:cpu|sc_datapath:datapath|sc_mmio:mmio|cycle_count[11]                     ; clk_cpu      ; clk_cpu     ; 0.000        ; 0.080      ; 0.924      ;
; 0.658 ; sc_cpu:cpu|sc_datapath:datapath|sc_mmio:mmio|cycle_count[10]                    ; sc_cpu:cpu|sc_datapath:datapath|sc_mmio:mmio|cycle_count[10]                     ; clk_cpu      ; clk_cpu     ; 0.000        ; 0.080      ; 0.924      ;
; 0.658 ; sc_cpu:cpu|sc_datapath:datapath|sc_mmio:mmio|sc_uart:uart_inst|tx_cnt[1]        ; sc_cpu:cpu|sc_datapath:datapath|sc_mmio:mmio|sc_uart:uart_inst|tx_cnt[1]         ; clk_cpu      ; clk_cpu     ; 0.000        ; 0.079      ; 0.923      ;
; 0.658 ; sc_cpu:cpu|sc_datapath:datapath|sc_mmio:mmio|sc_uart:uart_inst|tx_cnt[11]       ; sc_cpu:cpu|sc_datapath:datapath|sc_mmio:mmio|sc_uart:uart_inst|tx_cnt[11]        ; clk_cpu      ; clk_cpu     ; 0.000        ; 0.079      ; 0.923      ;
; 0.658 ; sc_cpu:cpu|sc_datapath:datapath|sc_mmio:mmio|cycle_count[8]                     ; sc_cpu:cpu|sc_datapath:datapath|sc_mmio:mmio|cycle_count[8]                      ; clk_cpu      ; clk_cpu     ; 0.000        ; 0.080      ; 0.924      ;
; 0.658 ; sc_cpu:cpu|sc_datapath:datapath|sc_mmio:mmio|sc_uart:uart_inst|rx_cnt[6]        ; sc_cpu:cpu|sc_datapath:datapath|sc_mmio:mmio|sc_uart:uart_inst|rx_cnt[6]         ; clk_cpu      ; clk_cpu     ; 0.000        ; 0.080      ; 0.924      ;
; 0.658 ; sc_cpu:cpu|sc_datapath:datapath|sc_mmio:mmio|sc_uart:uart_inst|rx_cnt[15]       ; sc_cpu:cpu|sc_datapath:datapath|sc_mmio:mmio|sc_uart:uart_inst|rx_cnt[15]        ; clk_cpu      ; clk_cpu     ; 0.000        ; 0.080      ; 0.924      ;
; 0.658 ; sc_cpu:cpu|sc_datapath:datapath|sc_mmio:mmio|sc_uart:uart_inst|rx_bit_idx[0]    ; sc_cpu:cpu|sc_datapath:datapath|sc_mmio:mmio|sc_uart:uart_inst|rx_bit_idx[2]     ; clk_cpu      ; clk_cpu     ; 0.000        ; 0.080      ; 0.924      ;
; 0.659 ; sc_cpu:cpu|sc_datapath:datapath|pc_reg[10]                                      ; sc_cpu:cpu|sc_datapath:datapath|pc_reg[10]                                       ; clk_cpu      ; clk_cpu     ; 0.000        ; 0.082      ; 0.927      ;
; 0.659 ; sc_cpu:cpu|sc_datapath:datapath|sc_mmio:mmio|cycle_count[29]                    ; sc_cpu:cpu|sc_datapath:datapath|sc_mmio:mmio|cycle_count[29]                     ; clk_cpu      ; clk_cpu     ; 0.000        ; 0.079      ; 0.924      ;
; 0.659 ; sc_cpu:cpu|sc_datapath:datapath|sc_mmio:mmio|cycle_count[21]                    ; sc_cpu:cpu|sc_datapath:datapath|sc_mmio:mmio|cycle_count[21]                     ; clk_cpu      ; clk_cpu     ; 0.000        ; 0.079      ; 0.924      ;
; 0.659 ; sc_cpu:cpu|sc_datapath:datapath|sc_mmio:mmio|cycle_count[20]                    ; sc_cpu:cpu|sc_datapath:datapath|sc_mmio:mmio|cycle_count[20]                     ; clk_cpu      ; clk_cpu     ; 0.000        ; 0.079      ; 0.924      ;
; 0.659 ; sc_cpu:cpu|sc_datapath:datapath|sc_mmio:mmio|cycle_count[19]                    ; sc_cpu:cpu|sc_datapath:datapath|sc_mmio:mmio|cycle_count[19]                     ; clk_cpu      ; clk_cpu     ; 0.000        ; 0.079      ; 0.924      ;
; 0.659 ; sc_cpu:cpu|sc_datapath:datapath|sc_mmio:mmio|cycle_count[18]                    ; sc_cpu:cpu|sc_datapath:datapath|sc_mmio:mmio|cycle_count[18]                     ; clk_cpu      ; clk_cpu     ; 0.000        ; 0.079      ; 0.924      ;
; 0.659 ; sc_cpu:cpu|sc_datapath:datapath|sc_mmio:mmio|sc_uart:uart_inst|tx_cnt[6]        ; sc_cpu:cpu|sc_datapath:datapath|sc_mmio:mmio|sc_uart:uart_inst|tx_cnt[6]         ; clk_cpu      ; clk_cpu     ; 0.000        ; 0.079      ; 0.924      ;
; 0.659 ; sc_cpu:cpu|sc_datapath:datapath|sc_mmio:mmio|sc_uart:uart_inst|tx_cnt[15]       ; sc_cpu:cpu|sc_datapath:datapath|sc_mmio:mmio|sc_uart:uart_inst|tx_cnt[15]        ; clk_cpu      ; clk_cpu     ; 0.000        ; 0.079      ; 0.924      ;
+-------+---------------------------------------------------------------------------------+----------------------------------------------------------------------------------+--------------+-------------+--------------+------------+------------+


-----------------------------------------------
; Slow 1200mV 85C Model Metastability Summary ;
-----------------------------------------------
The design MTBF is not calculated because there are no specified synchronizers in the design.
Number of Synchronizer Chains Found: 1
Shortest Synchronizer Chain: 2 Registers
Fraction of Chains for which MTBFs Could Not be Calculated: 1.000
Worst Case Available Settling Time: 192.404 ns




+-------------------------------------------------+
; Slow 1200mV 0C Model Fmax Summary               ;
+-----------+-----------------+------------+------+
; Fmax      ; Restricted Fmax ; Clock Name ; Note ;
+-----------+-----------------+------------+------+
; 26.89 MHz ; 26.89 MHz       ; clk_cpu    ;      ;
+-----------+-----------------+------------+------+
This panel reports FMAX for every clock in the design, regardless of the user-specified clock periods.  FMAX is only computed for paths where the source and destination registers or ports are driven by the same clock.  Paths of different clocks, including generated clocks, are ignored.  For paths between a clock and its inversion, FMAX is computed as if the rising and falling edges are scaled along with FMAX, such that the duty cycle (in terms of a percentage) is maintained. Altera recommends that you always use clock constraints and other slack reports for sign-off analysis.


+------------------------------------+
; Slow 1200mV 0C Model Setup Summary ;
+---------+--------+-----------------+
; Clock   ; Slack  ; End Point TNS   ;
+---------+--------+-----------------+
; clk_cpu ; 62.807 ; 0.000           ;
+---------+--------+-----------------+


+-----------------------------------+
; Slow 1200mV 0C Model Hold Summary ;
+---------+-------+-----------------+
; Clock   ; Slack ; End Point TNS   ;
+---------+-------+-----------------+
; clk_cpu ; 0.355 ; 0.000           ;
+---------+-------+-----------------+


-----------------------------------------
; Slow 1200mV 0C Model Recovery Summary ;
-----------------------------------------
No paths to report.


----------------------------------------
; Slow 1200mV 0C Model Removal Summary ;
----------------------------------------
No paths to report.


+--------------------------------------------------+
; Slow 1200mV 0C Model Minimum Pulse Width Summary ;
+---------+--------+-------------------------------+
; Clock   ; Slack  ; End Point TNS                 ;
+---------+--------+-------------------------------+
; clk     ; 9.887  ; 0.000                         ;
; clk_cpu ; 49.708 ; 0.000                         ;
+---------+--------+-------------------------------+


+----------------------------------------------------------------------------------------------------------------------------------------------------------------------------------------+
; Slow 1200mV 0C Model Setup: 'clk_cpu'                                                                                                                                                  ;
+--------+-------------------------------------------+-------------------------------------------------------------+--------------+-------------+--------------+------------+------------+
; Slack  ; From Node                                 ; To Node                                                     ; Launch Clock ; Latch Clock ; Relationship ; Clock Skew ; Data Delay ;
+--------+-------------------------------------------+-------------------------------------------------------------+--------------+-------------+--------------+------------+------------+
; 62.807 ; sc_cpu:cpu|sc_datapath:datapath|pc_reg[8] ; sc_cpu:cpu|sc_datapath:datapath|sc_regfile:regfile|regs~658 ; clk_cpu      ; clk_cpu     ; 100.000      ; -0.162     ; 37.030     ;
; 63.063 ; sc_cpu:cpu|sc_datapath:datapath|pc_reg[7] ; sc_cpu:cpu|sc_datapath:datapath|sc_regfile:regfile|regs~658 ; clk_cpu      ; clk_cpu     ; 100.000      ; -0.162     ; 36.774     ;
; 63.126 ; sc_cpu:cpu|sc_datapath:datapath|pc_reg[9] ; sc_cpu:cpu|sc_datapath:datapath|sc_regfile:regfile|regs~658 ; clk_cpu      ; clk_cpu     ; 100.000      ; -0.162     ; 36.711     ;
; 63.168 ; sc_cpu:cpu|sc_datapath:datapath|pc_reg[5] ; sc_cpu:cpu|sc_datapath:datapath|sc_regfile:regfile|regs~658 ; clk_cpu      ; clk_cpu     ; 100.000      ; -0.162     ; 36.669     ;
; 63.182 ; sc_cpu:cpu|sc_datapath:datapath|pc_reg[3] ; sc_cpu:cpu|sc_datapath:datapath|sc_regfile:regfile|regs~658 ; clk_cpu      ; clk_cpu     ; 100.000      ; -0.162     ; 36.655     ;
; 63.362 ; sc_cpu:cpu|sc_datapath:datapath|pc_reg[4] ; sc_cpu:cpu|sc_datapath:datapath|sc_regfile:regfile|regs~658 ; clk_cpu      ; clk_cpu     ; 100.000      ; -0.162     ; 36.475     ;
; 63.434 ; sc_cpu:cpu|sc_datapath:datapath|pc_reg[8] ; sc_cpu:cpu|sc_datapath:datapath|sc_regfile:regfile|regs~498 ; clk_cpu      ; clk_cpu     ; 100.000      ; -0.129     ; 36.436     ;
; 63.436 ; sc_cpu:cpu|sc_datapath:datapath|pc_reg[8] ; sc_cpu:cpu|sc_datapath:datapath|sc_regfile:regfile|regs~402 ; clk_cpu      ; clk_cpu     ; 100.000      ; -0.129     ; 36.434     ;
; 63.445 ; sc_cpu:cpu|sc_datapath:datapath|pc_reg[8] ; sc_cpu:cpu|sc_datapath:datapath|sc_regfile:regfile|regs~434 ; clk_cpu      ; clk_cpu     ; 100.000      ; -0.128     ; 36.426     ;
; 63.465 ; sc_cpu:cpu|sc_datapath:datapath|pc_reg[8] ; sc_cpu:cpu|sc_datapath:datapath|sc_regfile:regfile|regs~274 ; clk_cpu      ; clk_cpu     ; 100.000      ; -0.133     ; 36.401     ;
; 63.470 ; sc_cpu:cpu|sc_datapath:datapath|pc_reg[8] ; sc_cpu:cpu|sc_datapath:datapath|sc_regfile:regfile|regs~306 ; clk_cpu      ; clk_cpu     ; 100.000      ; -0.133     ; 36.396     ;
; 63.481 ; sc_cpu:cpu|sc_datapath:datapath|pc_reg[2] ; sc_cpu:cpu|sc_datapath:datapath|sc_regfile:regfile|regs~658 ; clk_cpu      ; clk_cpu     ; 100.000      ; -0.162     ; 36.356     ;
; 63.602 ; sc_cpu:cpu|sc_datapath:datapath|pc_reg[8] ; sc_cpu:cpu|sc_datapath:datapath|sc_regfile:regfile|regs~18  ; clk_cpu      ; clk_cpu     ; 100.000      ; -0.109     ; 36.288     ;
; 63.603 ; sc_cpu:cpu|sc_datapath:datapath|pc_reg[8] ; sc_cpu:cpu|sc_datapath:datapath|sc_regfile:regfile|regs~242 ; clk_cpu      ; clk_cpu     ; 100.000      ; -0.109     ; 36.287     ;
; 63.606 ; sc_cpu:cpu|sc_datapath:datapath|pc_reg[8] ; sc_cpu:cpu|sc_datapath:datapath|sc_regfile:regfile|regs~210 ; clk_cpu      ; clk_cpu     ; 100.000      ; -0.127     ; 36.266     ;
; 63.606 ; sc_cpu:cpu|sc_datapath:datapath|pc_reg[8] ; sc_cpu:cpu|sc_datapath:datapath|sc_regfile:regfile|regs~466 ; clk_cpu      ; clk_cpu     ; 100.000      ; -0.127     ; 36.266     ;
; 63.606 ; sc_cpu:cpu|sc_datapath:datapath|pc_reg[6] ; sc_cpu:cpu|sc_datapath:datapath|sc_regfile:regfile|regs~658 ; clk_cpu      ; clk_cpu     ; 100.000      ; -0.162     ; 36.231     ;
; 63.690 ; sc_cpu:cpu|sc_datapath:datapath|pc_reg[7] ; sc_cpu:cpu|sc_datapath:datapath|sc_regfile:regfile|regs~498 ; clk_cpu      ; clk_cpu     ; 100.000      ; -0.129     ; 36.180     ;
; 63.692 ; sc_cpu:cpu|sc_datapath:datapath|pc_reg[7] ; sc_cpu:cpu|sc_datapath:datapath|sc_regfile:regfile|regs~402 ; clk_cpu      ; clk_cpu     ; 100.000      ; -0.129     ; 36.178     ;
; 63.701 ; sc_cpu:cpu|sc_datapath:datapath|pc_reg[7] ; sc_cpu:cpu|sc_datapath:datapath|sc_regfile:regfile|regs~434 ; clk_cpu      ; clk_cpu     ; 100.000      ; -0.128     ; 36.170     ;
; 63.704 ; sc_cpu:cpu|sc_datapath:datapath|pc_reg[8] ; sc_cpu:cpu|sc_datapath:datapath|sc_regfile:regfile|regs~114 ; clk_cpu      ; clk_cpu     ; 100.000      ; -0.139     ; 36.156     ;
; 63.704 ; sc_cpu:cpu|sc_datapath:datapath|pc_reg[8] ; sc_cpu:cpu|sc_datapath:datapath|sc_regfile:regfile|regs~50  ; clk_cpu      ; clk_cpu     ; 100.000      ; -0.139     ; 36.156     ;
; 63.705 ; sc_cpu:cpu|sc_datapath:datapath|pc_reg[8] ; sc_cpu:cpu|sc_datapath:datapath|sc_regfile:regfile|regs~178 ; clk_cpu      ; clk_cpu     ; 100.000      ; -0.145     ; 36.149     ;
; 63.721 ; sc_cpu:cpu|sc_datapath:datapath|pc_reg[7] ; sc_cpu:cpu|sc_datapath:datapath|sc_regfile:regfile|regs~274 ; clk_cpu      ; clk_cpu     ; 100.000      ; -0.133     ; 36.145     ;
; 63.726 ; sc_cpu:cpu|sc_datapath:datapath|pc_reg[7] ; sc_cpu:cpu|sc_datapath:datapath|sc_regfile:regfile|regs~306 ; clk_cpu      ; clk_cpu     ; 100.000      ; -0.133     ; 36.140     ;
; 63.753 ; sc_cpu:cpu|sc_datapath:datapath|pc_reg[9] ; sc_cpu:cpu|sc_datapath:datapath|sc_regfile:regfile|regs~498 ; clk_cpu      ; clk_cpu     ; 100.000      ; -0.129     ; 36.117     ;
; 63.755 ; sc_cpu:cpu|sc_datapath:datapath|pc_reg[9] ; sc_cpu:cpu|sc_datapath:datapath|sc_regfile:regfile|regs~402 ; clk_cpu      ; clk_cpu     ; 100.000      ; -0.129     ; 36.115     ;
; 63.764 ; sc_cpu:cpu|sc_datapath:datapath|pc_reg[9] ; sc_cpu:cpu|sc_datapath:datapath|sc_regfile:regfile|regs~434 ; clk_cpu      ; clk_cpu     ; 100.000      ; -0.128     ; 36.107     ;
; 63.784 ; sc_cpu:cpu|sc_datapath:datapath|pc_reg[9] ; sc_cpu:cpu|sc_datapath:datapath|sc_regfile:regfile|regs~274 ; clk_cpu      ; clk_cpu     ; 100.000      ; -0.133     ; 36.082     ;
; 63.789 ; sc_cpu:cpu|sc_datapath:datapath|pc_reg[9] ; sc_cpu:cpu|sc_datapath:datapath|sc_regfile:regfile|regs~306 ; clk_cpu      ; clk_cpu     ; 100.000      ; -0.133     ; 36.077     ;
; 63.795 ; sc_cpu:cpu|sc_datapath:datapath|pc_reg[5] ; sc_cpu:cpu|sc_datapath:datapath|sc_regfile:regfile|regs~498 ; clk_cpu      ; clk_cpu     ; 100.000      ; -0.129     ; 36.075     ;
; 63.797 ; sc_cpu:cpu|sc_datapath:datapath|pc_reg[5] ; sc_cpu:cpu|sc_datapath:datapath|sc_regfile:regfile|regs~402 ; clk_cpu      ; clk_cpu     ; 100.000      ; -0.129     ; 36.073     ;
; 63.806 ; sc_cpu:cpu|sc_datapath:datapath|pc_reg[5] ; sc_cpu:cpu|sc_datapath:datapath|sc_regfile:regfile|regs~434 ; clk_cpu      ; clk_cpu     ; 100.000      ; -0.128     ; 36.065     ;
; 63.809 ; sc_cpu:cpu|sc_datapath:datapath|pc_reg[3] ; sc_cpu:cpu|sc_datapath:datapath|sc_regfile:regfile|regs~498 ; clk_cpu      ; clk_cpu     ; 100.000      ; -0.129     ; 36.061     ;
; 63.811 ; sc_cpu:cpu|sc_datapath:datapath|pc_reg[3] ; sc_cpu:cpu|sc_datapath:datapath|sc_regfile:regfile|regs~402 ; clk_cpu      ; clk_cpu     ; 100.000      ; -0.129     ; 36.059     ;
; 63.820 ; sc_cpu:cpu|sc_datapath:datapath|pc_reg[3] ; sc_cpu:cpu|sc_datapath:datapath|sc_regfile:regfile|regs~434 ; clk_cpu      ; clk_cpu     ; 100.000      ; -0.128     ; 36.051     ;
; 63.826 ; sc_cpu:cpu|sc_datapath:datapath|pc_reg[5] ; sc_cpu:cpu|sc_datapath:datapath|sc_regfile:regfile|regs~274 ; clk_cpu      ; clk_cpu     ; 100.000      ; -0.133     ; 36.040     ;
; 63.831 ; sc_cpu:cpu|sc_datapath:datapath|pc_reg[5] ; sc_cpu:cpu|sc_datapath:datapath|sc_regfile:regfile|regs~306 ; clk_cpu      ; clk_cpu     ; 100.000      ; -0.133     ; 36.035     ;
; 63.840 ; sc_cpu:cpu|sc_datapath:datapath|pc_reg[3] ; sc_cpu:cpu|sc_datapath:datapath|sc_regfile:regfile|regs~274 ; clk_cpu      ; clk_cpu     ; 100.000      ; -0.133     ; 36.026     ;
; 63.841 ; sc_cpu:cpu|sc_datapath:datapath|pc_reg[8] ; sc_cpu:cpu|sc_datapath:datapath|sc_regfile:regfile|regs~146 ; clk_cpu      ; clk_cpu     ; 100.000      ; -0.147     ; 36.011     ;
; 63.845 ; sc_cpu:cpu|sc_datapath:datapath|pc_reg[3] ; sc_cpu:cpu|sc_datapath:datapath|sc_regfile:regfile|regs~306 ; clk_cpu      ; clk_cpu     ; 100.000      ; -0.133     ; 36.021     ;
; 63.858 ; sc_cpu:cpu|sc_datapath:datapath|pc_reg[7] ; sc_cpu:cpu|sc_datapath:datapath|sc_regfile:regfile|regs~18  ; clk_cpu      ; clk_cpu     ; 100.000      ; -0.109     ; 36.032     ;
; 63.859 ; sc_cpu:cpu|sc_datapath:datapath|pc_reg[7] ; sc_cpu:cpu|sc_datapath:datapath|sc_regfile:regfile|regs~242 ; clk_cpu      ; clk_cpu     ; 100.000      ; -0.109     ; 36.031     ;
; 63.862 ; sc_cpu:cpu|sc_datapath:datapath|pc_reg[7] ; sc_cpu:cpu|sc_datapath:datapath|sc_regfile:regfile|regs~210 ; clk_cpu      ; clk_cpu     ; 100.000      ; -0.127     ; 36.010     ;
; 63.862 ; sc_cpu:cpu|sc_datapath:datapath|pc_reg[7] ; sc_cpu:cpu|sc_datapath:datapath|sc_regfile:regfile|regs~466 ; clk_cpu      ; clk_cpu     ; 100.000      ; -0.127     ; 36.010     ;
; 63.894 ; sc_cpu:cpu|sc_datapath:datapath|pc_reg[8] ; sc_cpu:cpu|sc_datapath:datapath|sc_regfile:regfile|regs~914 ; clk_cpu      ; clk_cpu     ; 100.000      ; -0.159     ; 35.946     ;
; 63.919 ; sc_cpu:cpu|sc_datapath:datapath|pc_reg[8] ; sc_cpu:cpu|sc_datapath:datapath|sc_regfile:regfile|regs~626 ; clk_cpu      ; clk_cpu     ; 100.000      ; -0.141     ; 35.939     ;
; 63.920 ; sc_cpu:cpu|sc_datapath:datapath|pc_reg[8] ; sc_cpu:cpu|sc_datapath:datapath|sc_regfile:regfile|regs~882 ; clk_cpu      ; clk_cpu     ; 100.000      ; -0.141     ; 35.938     ;
; 63.921 ; sc_cpu:cpu|sc_datapath:datapath|pc_reg[9] ; sc_cpu:cpu|sc_datapath:datapath|sc_regfile:regfile|regs~18  ; clk_cpu      ; clk_cpu     ; 100.000      ; -0.109     ; 35.969     ;
; 63.922 ; sc_cpu:cpu|sc_datapath:datapath|pc_reg[9] ; sc_cpu:cpu|sc_datapath:datapath|sc_regfile:regfile|regs~242 ; clk_cpu      ; clk_cpu     ; 100.000      ; -0.109     ; 35.968     ;
; 63.925 ; sc_cpu:cpu|sc_datapath:datapath|pc_reg[9] ; sc_cpu:cpu|sc_datapath:datapath|sc_regfile:regfile|regs~210 ; clk_cpu      ; clk_cpu     ; 100.000      ; -0.127     ; 35.947     ;
; 63.925 ; sc_cpu:cpu|sc_datapath:datapath|pc_reg[9] ; sc_cpu:cpu|sc_datapath:datapath|sc_regfile:regfile|regs~466 ; clk_cpu      ; clk_cpu     ; 100.000      ; -0.127     ; 35.947     ;
; 63.960 ; sc_cpu:cpu|sc_datapath:datapath|pc_reg[7] ; sc_cpu:cpu|sc_datapath:datapath|sc_regfile:regfile|regs~114 ; clk_cpu      ; clk_cpu     ; 100.000      ; -0.139     ; 35.900     ;
; 63.960 ; sc_cpu:cpu|sc_datapath:datapath|pc_reg[7] ; sc_cpu:cpu|sc_datapath:datapath|sc_regfile:regfile|regs~50  ; clk_cpu      ; clk_cpu     ; 100.000      ; -0.139     ; 35.900     ;
; 63.961 ; sc_cpu:cpu|sc_datapath:datapath|pc_reg[7] ; sc_cpu:cpu|sc_datapath:datapath|sc_regfile:regfile|regs~178 ; clk_cpu      ; clk_cpu     ; 100.000      ; -0.145     ; 35.893     ;
; 63.963 ; sc_cpu:cpu|sc_datapath:datapath|pc_reg[5] ; sc_cpu:cpu|sc_datapath:datapath|sc_regfile:regfile|regs~18  ; clk_cpu      ; clk_cpu     ; 100.000      ; -0.109     ; 35.927     ;
; 63.964 ; sc_cpu:cpu|sc_datapath:datapath|pc_reg[5] ; sc_cpu:cpu|sc_datapath:datapath|sc_regfile:regfile|regs~242 ; clk_cpu      ; clk_cpu     ; 100.000      ; -0.109     ; 35.926     ;
; 63.967 ; sc_cpu:cpu|sc_datapath:datapath|pc_reg[5] ; sc_cpu:cpu|sc_datapath:datapath|sc_regfile:regfile|regs~210 ; clk_cpu      ; clk_cpu     ; 100.000      ; -0.127     ; 35.905     ;
; 63.967 ; sc_cpu:cpu|sc_datapath:datapath|pc_reg[5] ; sc_cpu:cpu|sc_datapath:datapath|sc_regfile:regfile|regs~466 ; clk_cpu      ; clk_cpu     ; 100.000      ; -0.127     ; 35.905     ;
; 63.977 ; sc_cpu:cpu|sc_datapath:datapath|pc_reg[3] ; sc_cpu:cpu|sc_datapath:datapath|sc_regfile:regfile|regs~18  ; clk_cpu      ; clk_cpu     ; 100.000      ; -0.109     ; 35.913     ;
; 63.978 ; sc_cpu:cpu|sc_datapath:datapath|pc_reg[3] ; sc_cpu:cpu|sc_datapath:datapath|sc_regfile:regfile|regs~242 ; clk_cpu      ; clk_cpu     ; 100.000      ; -0.109     ; 35.912     ;
; 63.981 ; sc_cpu:cpu|sc_datapath:datapath|pc_reg[3] ; sc_cpu:cpu|sc_datapath:datapath|sc_regfile:regfile|regs~210 ; clk_cpu      ; clk_cpu     ; 100.000      ; -0.127     ; 35.891     ;
; 63.981 ; sc_cpu:cpu|sc_datapath:datapath|pc_reg[3] ; sc_cpu:cpu|sc_datapath:datapath|sc_regfile:regfile|regs~466 ; clk_cpu      ; clk_cpu     ; 100.000      ; -0.127     ; 35.891     ;
; 63.989 ; sc_cpu:cpu|sc_datapath:datapath|pc_reg[4] ; sc_cpu:cpu|sc_datapath:datapath|sc_regfile:regfile|regs~498 ; clk_cpu      ; clk_cpu     ; 100.000      ; -0.129     ; 35.881     ;
; 63.991 ; sc_cpu:cpu|sc_datapath:datapath|pc_reg[4] ; sc_cpu:cpu|sc_datapath:datapath|sc_regfile:regfile|regs~402 ; clk_cpu      ; clk_cpu     ; 100.000      ; -0.129     ; 35.879     ;
; 64.000 ; sc_cpu:cpu|sc_datapath:datapath|pc_reg[4] ; sc_cpu:cpu|sc_datapath:datapath|sc_regfile:regfile|regs~434 ; clk_cpu      ; clk_cpu     ; 100.000      ; -0.128     ; 35.871     ;
; 64.020 ; sc_cpu:cpu|sc_datapath:datapath|pc_reg[4] ; sc_cpu:cpu|sc_datapath:datapath|sc_regfile:regfile|regs~274 ; clk_cpu      ; clk_cpu     ; 100.000      ; -0.133     ; 35.846     ;
; 64.023 ; sc_cpu:cpu|sc_datapath:datapath|pc_reg[9] ; sc_cpu:cpu|sc_datapath:datapath|sc_regfile:regfile|regs~114 ; clk_cpu      ; clk_cpu     ; 100.000      ; -0.139     ; 35.837     ;
; 64.023 ; sc_cpu:cpu|sc_datapath:datapath|pc_reg[9] ; sc_cpu:cpu|sc_datapath:datapath|sc_regfile:regfile|regs~50  ; clk_cpu      ; clk_cpu     ; 100.000      ; -0.139     ; 35.837     ;
; 64.024 ; sc_cpu:cpu|sc_datapath:datapath|pc_reg[8] ; sc_cpu:cpu|sc_datapath:datapath|sc_regfile:regfile|regs~338 ; clk_cpu      ; clk_cpu     ; 100.000      ; -0.119     ; 35.856     ;
; 64.024 ; sc_cpu:cpu|sc_datapath:datapath|pc_reg[9] ; sc_cpu:cpu|sc_datapath:datapath|sc_regfile:regfile|regs~178 ; clk_cpu      ; clk_cpu     ; 100.000      ; -0.145     ; 35.830     ;
; 64.025 ; sc_cpu:cpu|sc_datapath:datapath|pc_reg[4] ; sc_cpu:cpu|sc_datapath:datapath|sc_regfile:regfile|regs~306 ; clk_cpu      ; clk_cpu     ; 100.000      ; -0.133     ; 35.841     ;
; 64.032 ; sc_cpu:cpu|sc_datapath:datapath|pc_reg[8] ; sc_cpu:cpu|sc_datapath:datapath|sc_regfile:regfile|regs~370 ; clk_cpu      ; clk_cpu     ; 100.000      ; -0.117     ; 35.850     ;
; 64.053 ; sc_cpu:cpu|sc_datapath:datapath|pc_reg[8] ; sc_cpu:cpu|sc_datapath:datapath|sc_regfile:regfile|regs~530 ; clk_cpu      ; clk_cpu     ; 100.000      ; -0.169     ; 35.777     ;
; 64.065 ; sc_cpu:cpu|sc_datapath:datapath|pc_reg[5] ; sc_cpu:cpu|sc_datapath:datapath|sc_regfile:regfile|regs~114 ; clk_cpu      ; clk_cpu     ; 100.000      ; -0.139     ; 35.795     ;
; 64.065 ; sc_cpu:cpu|sc_datapath:datapath|pc_reg[5] ; sc_cpu:cpu|sc_datapath:datapath|sc_regfile:regfile|regs~50  ; clk_cpu      ; clk_cpu     ; 100.000      ; -0.139     ; 35.795     ;
; 64.066 ; sc_cpu:cpu|sc_datapath:datapath|pc_reg[5] ; sc_cpu:cpu|sc_datapath:datapath|sc_regfile:regfile|regs~178 ; clk_cpu      ; clk_cpu     ; 100.000      ; -0.145     ; 35.788     ;
; 64.079 ; sc_cpu:cpu|sc_datapath:datapath|pc_reg[8] ; sc_cpu:cpu|sc_datapath:datapath|sc_regfile:regfile|regs~786 ; clk_cpu      ; clk_cpu     ; 100.000      ; -0.169     ; 35.751     ;
; 64.079 ; sc_cpu:cpu|sc_datapath:datapath|pc_reg[3] ; sc_cpu:cpu|sc_datapath:datapath|sc_regfile:regfile|regs~114 ; clk_cpu      ; clk_cpu     ; 100.000      ; -0.139     ; 35.781     ;
; 64.079 ; sc_cpu:cpu|sc_datapath:datapath|pc_reg[3] ; sc_cpu:cpu|sc_datapath:datapath|sc_regfile:regfile|regs~50  ; clk_cpu      ; clk_cpu     ; 100.000      ; -0.139     ; 35.781     ;
; 64.080 ; sc_cpu:cpu|sc_datapath:datapath|pc_reg[3] ; sc_cpu:cpu|sc_datapath:datapath|sc_regfile:regfile|regs~178 ; clk_cpu      ; clk_cpu     ; 100.000      ; -0.145     ; 35.774     ;
; 64.097 ; sc_cpu:cpu|sc_datapath:datapath|pc_reg[7] ; sc_cpu:cpu|sc_datapath:datapath|sc_regfile:regfile|regs~146 ; clk_cpu      ; clk_cpu     ; 100.000      ; -0.147     ; 35.755     ;
; 64.108 ; sc_cpu:cpu|sc_datapath:datapath|pc_reg[2] ; sc_cpu:cpu|sc_datapath:datapath|sc_regfile:regfile|regs~498 ; clk_cpu      ; clk_cpu     ; 100.000      ; -0.129     ; 35.762     ;
; 64.110 ; sc_cpu:cpu|sc_datapath:datapath|pc_reg[2] ; sc_cpu:cpu|sc_datapath:datapath|sc_regfile:regfile|regs~402 ; clk_cpu      ; clk_cpu     ; 100.000      ; -0.129     ; 35.760     ;
; 64.119 ; sc_cpu:cpu|sc_datapath:datapath|pc_reg[2] ; sc_cpu:cpu|sc_datapath:datapath|sc_regfile:regfile|regs~434 ; clk_cpu      ; clk_cpu     ; 100.000      ; -0.128     ; 35.752     ;
; 64.139 ; sc_cpu:cpu|sc_datapath:datapath|pc_reg[2] ; sc_cpu:cpu|sc_datapath:datapath|sc_regfile:regfile|regs~274 ; clk_cpu      ; clk_cpu     ; 100.000      ; -0.133     ; 35.727     ;
; 64.144 ; sc_cpu:cpu|sc_datapath:datapath|pc_reg[2] ; sc_cpu:cpu|sc_datapath:datapath|sc_regfile:regfile|regs~306 ; clk_cpu      ; clk_cpu     ; 100.000      ; -0.133     ; 35.722     ;
; 64.150 ; sc_cpu:cpu|sc_datapath:datapath|pc_reg[7] ; sc_cpu:cpu|sc_datapath:datapath|sc_regfile:regfile|regs~914 ; clk_cpu      ; clk_cpu     ; 100.000      ; -0.159     ; 35.690     ;
; 64.157 ; sc_cpu:cpu|sc_datapath:datapath|pc_reg[4] ; sc_cpu:cpu|sc_datapath:datapath|sc_regfile:regfile|regs~18  ; clk_cpu      ; clk_cpu     ; 100.000      ; -0.109     ; 35.733     ;
; 64.158 ; sc_cpu:cpu|sc_datapath:datapath|pc_reg[4] ; sc_cpu:cpu|sc_datapath:datapath|sc_regfile:regfile|regs~242 ; clk_cpu      ; clk_cpu     ; 100.000      ; -0.109     ; 35.732     ;
; 64.160 ; sc_cpu:cpu|sc_datapath:datapath|pc_reg[9] ; sc_cpu:cpu|sc_datapath:datapath|sc_regfile:regfile|regs~146 ; clk_cpu      ; clk_cpu     ; 100.000      ; -0.147     ; 35.692     ;
; 64.161 ; sc_cpu:cpu|sc_datapath:datapath|pc_reg[4] ; sc_cpu:cpu|sc_datapath:datapath|sc_regfile:regfile|regs~210 ; clk_cpu      ; clk_cpu     ; 100.000      ; -0.127     ; 35.711     ;
; 64.161 ; sc_cpu:cpu|sc_datapath:datapath|pc_reg[4] ; sc_cpu:cpu|sc_datapath:datapath|sc_regfile:regfile|regs~466 ; clk_cpu      ; clk_cpu     ; 100.000      ; -0.127     ; 35.711     ;
; 64.175 ; sc_cpu:cpu|sc_datapath:datapath|pc_reg[7] ; sc_cpu:cpu|sc_datapath:datapath|sc_regfile:regfile|regs~626 ; clk_cpu      ; clk_cpu     ; 100.000      ; -0.141     ; 35.683     ;
; 64.176 ; sc_cpu:cpu|sc_datapath:datapath|pc_reg[7] ; sc_cpu:cpu|sc_datapath:datapath|sc_regfile:regfile|regs~882 ; clk_cpu      ; clk_cpu     ; 100.000      ; -0.141     ; 35.682     ;
; 64.202 ; sc_cpu:cpu|sc_datapath:datapath|pc_reg[5] ; sc_cpu:cpu|sc_datapath:datapath|sc_regfile:regfile|regs~146 ; clk_cpu      ; clk_cpu     ; 100.000      ; -0.147     ; 35.650     ;
; 64.213 ; sc_cpu:cpu|sc_datapath:datapath|pc_reg[9] ; sc_cpu:cpu|sc_datapath:datapath|sc_regfile:regfile|regs~914 ; clk_cpu      ; clk_cpu     ; 100.000      ; -0.159     ; 35.627     ;
; 64.216 ; sc_cpu:cpu|sc_datapath:datapath|pc_reg[3] ; sc_cpu:cpu|sc_datapath:datapath|sc_regfile:regfile|regs~146 ; clk_cpu      ; clk_cpu     ; 100.000      ; -0.147     ; 35.636     ;
; 64.233 ; sc_cpu:cpu|sc_datapath:datapath|pc_reg[6] ; sc_cpu:cpu|sc_datapath:datapath|sc_regfile:regfile|regs~498 ; clk_cpu      ; clk_cpu     ; 100.000      ; -0.129     ; 35.637     ;
; 64.235 ; sc_cpu:cpu|sc_datapath:datapath|pc_reg[6] ; sc_cpu:cpu|sc_datapath:datapath|sc_regfile:regfile|regs~402 ; clk_cpu      ; clk_cpu     ; 100.000      ; -0.129     ; 35.635     ;
+--------+-------------------------------------------+-------------------------------------------------------------+--------------+-------------+--------------+------------+------------+


+--------------------------------------------------------------------------------------------------------------------------------------------------------------------------------------------------------------------------------------------------+
; Slow 1200mV 0C Model Hold: 'clk_cpu'                                                                                                                                                                                                             ;
+-------+---------------------------------------------------------------------------------+----------------------------------------------------------------------------------+--------------+-------------+--------------+------------+------------+
; Slack ; From Node                                                                       ; To Node                                                                          ; Launch Clock ; Latch Clock ; Relationship ; Clock Skew ; Data Delay ;
+-------+---------------------------------------------------------------------------------+----------------------------------------------------------------------------------+--------------+-------------+--------------+------------+------------+
; 0.355 ; sc_cpu:cpu|sc_datapath:datapath|sc_mmio:mmio|sc_uart:uart_inst|tx_sr[7]         ; sc_cpu:cpu|sc_datapath:datapath|sc_mmio:mmio|sc_uart:uart_inst|tx_sr[7]          ; clk_cpu      ; clk_cpu     ; 0.000        ; 0.071      ; 0.597      ;
; 0.355 ; sc_cpu:cpu|sc_datapath:datapath|sc_mmio:mmio|rx_ready                           ; sc_cpu:cpu|sc_datapath:datapath|sc_mmio:mmio|rx_ready                            ; clk_cpu      ; clk_cpu     ; 0.000        ; 0.071      ; 0.597      ;
; 0.355 ; sc_cpu:cpu|sc_datapath:datapath|sc_mmio:mmio|tx_byte_idx[1]                     ; sc_cpu:cpu|sc_datapath:datapath|sc_mmio:mmio|tx_byte_idx[1]                      ; clk_cpu      ; clk_cpu     ; 0.000        ; 0.071      ; 0.597      ;
; 0.355 ; sc_cpu:cpu|sc_datapath:datapath|sc_mmio:mmio|tx_byte_idx[0]                     ; sc_cpu:cpu|sc_datapath:datapath|sc_mmio:mmio|tx_byte_idx[0]                      ; clk_cpu      ; clk_cpu     ; 0.000        ; 0.071      ; 0.597      ;
; 0.355 ; sc_cpu:cpu|sc_datapath:datapath|sc_mmio:mmio|sc_uart:uart_inst|tx_busy          ; sc_cpu:cpu|sc_datapath:datapath|sc_mmio:mmio|sc_uart:uart_inst|tx_busy           ; clk_cpu      ; clk_cpu     ; 0.000        ; 0.071      ; 0.597      ;
; 0.355 ; sc_cpu:cpu|sc_datapath:datapath|sc_mmio:mmio|sc_uart:uart_inst|tx_state.TX_IDLE ; sc_cpu:cpu|sc_datapath:datapath|sc_mmio:mmio|sc_uart:uart_inst|tx_state.TX_IDLE  ; clk_cpu      ; clk_cpu     ; 0.000        ; 0.071      ; 0.597      ;
; 0.355 ; sc_cpu:cpu|sc_datapath:datapath|sc_mmio:mmio|sc_uart:uart_inst|tx_bit_idx[1]    ; sc_cpu:cpu|sc_datapath:datapath|sc_mmio:mmio|sc_uart:uart_inst|tx_bit_idx[1]     ; clk_cpu      ; clk_cpu     ; 0.000        ; 0.071      ; 0.597      ;
; 0.355 ; sc_cpu:cpu|sc_datapath:datapath|sc_mmio:mmio|sc_uart:uart_inst|tx_bit_idx[2]    ; sc_cpu:cpu|sc_datapath:datapath|sc_mmio:mmio|sc_uart:uart_inst|tx_bit_idx[2]     ; clk_cpu      ; clk_cpu     ; 0.000        ; 0.071      ; 0.597      ;
; 0.355 ; sc_cpu:cpu|sc_datapath:datapath|sc_mmio:mmio|sc_uart:uart_inst|tx_state.TX_STOP ; sc_cpu:cpu|sc_datapath:datapath|sc_mmio:mmio|sc_uart:uart_inst|tx_state.TX_STOP  ; clk_cpu      ; clk_cpu     ; 0.000        ; 0.071      ; 0.597      ;
; 0.355 ; sc_cpu:cpu|sc_datapath:datapath|sc_mmio:mmio|sc_uart:uart_inst|rx_state.RX_STOP ; sc_cpu:cpu|sc_datapath:datapath|sc_mmio:mmio|sc_uart:uart_inst|rx_state.RX_STOP  ; clk_cpu      ; clk_cpu     ; 0.000        ; 0.071      ; 0.597      ;
; 0.355 ; sc_cpu:cpu|sc_datapath:datapath|sc_mmio:mmio|sc_uart:uart_inst|rx_state.RX_IDLE ; sc_cpu:cpu|sc_datapath:datapath|sc_mmio:mmio|sc_uart:uart_inst|rx_state.RX_IDLE  ; clk_cpu      ; clk_cpu     ; 0.000        ; 0.071      ; 0.597      ;
; 0.355 ; sc_cpu:cpu|sc_datapath:datapath|sc_mmio:mmio|sc_uart:uart_inst|rx_bit_idx[2]    ; sc_cpu:cpu|sc_datapath:datapath|sc_mmio:mmio|sc_uart:uart_inst|rx_bit_idx[2]     ; clk_cpu      ; clk_cpu     ; 0.000        ; 0.071      ; 0.597      ;
; 0.355 ; sc_cpu:cpu|sc_datapath:datapath|sc_mmio:mmio|sc_uart:uart_inst|rx_bit_idx[1]    ; sc_cpu:cpu|sc_datapath:datapath|sc_mmio:mmio|sc_uart:uart_inst|rx_bit_idx[1]     ; clk_cpu      ; clk_cpu     ; 0.000        ; 0.071      ; 0.597      ;
; 0.366 ; sc_cpu:cpu|sc_datapath:datapath|sc_mmio:mmio|sc_uart:uart_inst|tx_bit_idx[0]    ; sc_cpu:cpu|sc_datapath:datapath|sc_mmio:mmio|sc_uart:uart_inst|tx_bit_idx[0]     ; clk_cpu      ; clk_cpu     ; 0.000        ; 0.071      ; 0.608      ;
; 0.366 ; sc_cpu:cpu|sc_datapath:datapath|sc_mmio:mmio|cycle_count[0]                     ; sc_cpu:cpu|sc_datapath:datapath|sc_mmio:mmio|cycle_count[0]                      ; clk_cpu      ; clk_cpu     ; 0.000        ; 0.071      ; 0.608      ;
; 0.366 ; sc_cpu:cpu|sc_datapath:datapath|sc_mmio:mmio|sc_uart:uart_inst|rx_bit_idx[0]    ; sc_cpu:cpu|sc_datapath:datapath|sc_mmio:mmio|sc_uart:uart_inst|rx_bit_idx[0]     ; clk_cpu      ; clk_cpu     ; 0.000        ; 0.071      ; 0.608      ;
; 0.388 ; sc_cpu:cpu|sc_datapath:datapath|sc_mmio:mmio|sc_uart:uart_inst|tx_bit_idx[1]    ; sc_cpu:cpu|sc_datapath:datapath|sc_mmio:mmio|sc_uart:uart_inst|tx_bit_idx[2]     ; clk_cpu      ; clk_cpu     ; 0.000        ; 0.071      ; 0.630      ;
; 0.396 ; sc_cpu:cpu|sc_datapath:datapath|sc_mmio:mmio|sc_uart:uart_inst|rx_valid         ; sc_cpu:cpu|sc_datapath:datapath|sc_mmio:mmio|rx_ready                            ; clk_cpu      ; clk_cpu     ; 0.000        ; 0.071      ; 0.638      ;
; 0.402 ; sc_cpu:cpu|sc_datapath:datapath|sc_mmio:mmio|sc_uart:uart_inst|rx_state.RX_IDLE ; sc_cpu:cpu|sc_datapath:datapath|sc_mmio:mmio|sc_uart:uart_inst|rx_state.RX_START ; clk_cpu      ; clk_cpu     ; 0.000        ; 0.071      ; 0.644      ;
; 0.416 ; sc_cpu:cpu|sc_datapath:datapath|sc_mmio:mmio|sc_uart:uart_inst|rx_state.RX_STOP ; sc_cpu:cpu|sc_datapath:datapath|sc_mmio:mmio|sc_uart:uart_inst|rx_valid          ; clk_cpu      ; clk_cpu     ; 0.000        ; 0.071      ; 0.658      ;
; 0.417 ; sc_cpu:cpu|sc_datapath:datapath|pc_reg[31]                                      ; sc_cpu:cpu|sc_datapath:datapath|pc_reg[31]                                       ; clk_cpu      ; clk_cpu     ; 0.000        ; 0.073      ; 0.661      ;
; 0.426 ; sc_cpu:cpu|sc_datapath:datapath|sc_mmio:mmio|sc_uart:uart_inst|tx_state.TX_STOP ; sc_cpu:cpu|sc_datapath:datapath|sc_mmio:mmio|sc_uart:uart_inst|tx_state.TX_DATA  ; clk_cpu      ; clk_cpu     ; 0.000        ; 0.071      ; 0.668      ;
; 0.442 ; sc_cpu:cpu|sc_datapath:datapath|sc_mmio:mmio|sc_uart:uart_inst|tx_state.TX_IDLE ; sc_cpu:cpu|sc_datapath:datapath|sc_mmio:mmio|sc_uart:uart_inst|tx_busy           ; clk_cpu      ; clk_cpu     ; 0.000        ; 0.071      ; 0.684      ;
; 0.443 ; sc_cpu:cpu|sc_datapath:datapath|sc_mmio:mmio|sc_uart:uart_inst|tx_state.TX_DATA ; sc_cpu:cpu|sc_datapath:datapath|sc_mmio:mmio|sc_uart:uart_inst|TXD               ; clk_cpu      ; clk_cpu     ; 0.000        ; 0.071      ; 0.685      ;
; 0.548 ; sc_cpu:cpu|sc_datapath:datapath|sc_mmio:mmio|sc_uart:uart_inst|tx_sr[4]         ; sc_cpu:cpu|sc_datapath:datapath|sc_mmio:mmio|sc_uart:uart_inst|tx_sr[3]          ; clk_cpu      ; clk_cpu     ; 0.000        ; 0.072      ; 0.791      ;
; 0.549 ; sc_cpu:cpu|sc_datapath:datapath|sc_mmio:mmio|sc_uart:uart_inst|tx_sr[1]         ; sc_cpu:cpu|sc_datapath:datapath|sc_mmio:mmio|sc_uart:uart_inst|tx_sr[0]          ; clk_cpu      ; clk_cpu     ; 0.000        ; 0.071      ; 0.791      ;
; 0.549 ; sc_cpu:cpu|sc_datapath:datapath|sc_mmio:mmio|sc_uart:uart_inst|tx_sr[5]         ; sc_cpu:cpu|sc_datapath:datapath|sc_mmio:mmio|sc_uart:uart_inst|tx_sr[4]          ; clk_cpu      ; clk_cpu     ; 0.000        ; 0.072      ; 0.792      ;
; 0.550 ; sc_cpu:cpu|sc_datapath:datapath|sc_mmio:mmio|sc_uart:uart_inst|tx_sr[6]         ; sc_cpu:cpu|sc_datapath:datapath|sc_mmio:mmio|sc_uart:uart_inst|tx_sr[5]          ; clk_cpu      ; clk_cpu     ; 0.000        ; 0.072      ; 0.793      ;
; 0.550 ; sc_cpu:cpu|sc_datapath:datapath|sc_mmio:mmio|sc_uart:uart_inst|rx_sr[0]         ; sc_cpu:cpu|sc_datapath:datapath|sc_mmio:mmio|sc_uart:uart_inst|rx_data[0]        ; clk_cpu      ; clk_cpu     ; 0.000        ; 0.070      ; 0.791      ;
; 0.551 ; sc_cpu:cpu|sc_datapath:datapath|sc_mmio:mmio|sc_uart:uart_inst|tx_sr[2]         ; sc_cpu:cpu|sc_datapath:datapath|sc_mmio:mmio|sc_uart:uart_inst|tx_sr[1]          ; clk_cpu      ; clk_cpu     ; 0.000        ; 0.071      ; 0.793      ;
; 0.556 ; sc_cpu:cpu|sc_datapath:datapath|sc_mmio:mmio|sc_uart:uart_inst|rx_sr[4]         ; sc_cpu:cpu|sc_datapath:datapath|sc_mmio:mmio|sc_uart:uart_inst|rx_data[4]        ; clk_cpu      ; clk_cpu     ; 0.000        ; 0.070      ; 0.797      ;
; 0.556 ; sc_cpu:cpu|sc_datapath:datapath|sc_mmio:mmio|sc_uart:uart_inst|rx_sr[5]         ; sc_cpu:cpu|sc_datapath:datapath|sc_mmio:mmio|sc_uart:uart_inst|rx_data[5]        ; clk_cpu      ; clk_cpu     ; 0.000        ; 0.070      ; 0.797      ;
; 0.556 ; sc_cpu:cpu|sc_datapath:datapath|sc_mmio:mmio|sc_uart:uart_inst|rx_sr[6]         ; sc_cpu:cpu|sc_datapath:datapath|sc_mmio:mmio|sc_uart:uart_inst|rx_sr[5]          ; clk_cpu      ; clk_cpu     ; 0.000        ; 0.070      ; 0.797      ;
; 0.557 ; sc_cpu:cpu|sc_datapath:datapath|sc_mmio:mmio|sc_uart:uart_inst|rx_sr[4]         ; sc_cpu:cpu|sc_datapath:datapath|sc_mmio:mmio|sc_uart:uart_inst|rx_sr[3]          ; clk_cpu      ; clk_cpu     ; 0.000        ; 0.070      ; 0.798      ;
; 0.557 ; sc_cpu:cpu|sc_datapath:datapath|sc_mmio:mmio|sc_uart:uart_inst|rx_sr[6]         ; sc_cpu:cpu|sc_datapath:datapath|sc_mmio:mmio|sc_uart:uart_inst|rx_data[6]        ; clk_cpu      ; clk_cpu     ; 0.000        ; 0.070      ; 0.798      ;
; 0.558 ; sc_cpu:cpu|sc_datapath:datapath|sc_mmio:mmio|sc_uart:uart_inst|rx_sr[7]         ; sc_cpu:cpu|sc_datapath:datapath|sc_mmio:mmio|sc_uart:uart_inst|rx_data[7]        ; clk_cpu      ; clk_cpu     ; 0.000        ; 0.070      ; 0.799      ;
; 0.558 ; sc_cpu:cpu|sc_datapath:datapath|sc_mmio:mmio|sc_uart:uart_inst|rx_sr[7]         ; sc_cpu:cpu|sc_datapath:datapath|sc_mmio:mmio|sc_uart:uart_inst|rx_sr[6]          ; clk_cpu      ; clk_cpu     ; 0.000        ; 0.070      ; 0.799      ;
; 0.559 ; sc_cpu:cpu|sc_datapath:datapath|sc_mmio:mmio|sc_uart:uart_inst|rx_sr[1]         ; sc_cpu:cpu|sc_datapath:datapath|sc_mmio:mmio|sc_uart:uart_inst|rx_sr[0]          ; clk_cpu      ; clk_cpu     ; 0.000        ; 0.070      ; 0.800      ;
; 0.559 ; sc_cpu:cpu|sc_datapath:datapath|sc_mmio:mmio|sc_uart:uart_inst|rx_sr[2]         ; sc_cpu:cpu|sc_datapath:datapath|sc_mmio:mmio|sc_uart:uart_inst|rx_sr[1]          ; clk_cpu      ; clk_cpu     ; 0.000        ; 0.070      ; 0.800      ;
; 0.559 ; sc_cpu:cpu|sc_datapath:datapath|sc_mmio:mmio|sc_uart:uart_inst|rx_sr[5]         ; sc_cpu:cpu|sc_datapath:datapath|sc_mmio:mmio|sc_uart:uart_inst|rx_sr[4]          ; clk_cpu      ; clk_cpu     ; 0.000        ; 0.070      ; 0.800      ;
; 0.560 ; sc_cpu:cpu|sc_datapath:datapath|sc_mmio:mmio|sc_uart:uart_inst|rx_sr[1]         ; sc_cpu:cpu|sc_datapath:datapath|sc_mmio:mmio|sc_uart:uart_inst|rx_data[1]        ; clk_cpu      ; clk_cpu     ; 0.000        ; 0.070      ; 0.801      ;
; 0.561 ; sc_cpu:cpu|sc_datapath:datapath|sc_mmio:mmio|sc_uart:uart_inst|rx_sr[2]         ; sc_cpu:cpu|sc_datapath:datapath|sc_mmio:mmio|sc_uart:uart_inst|rx_data[2]        ; clk_cpu      ; clk_cpu     ; 0.000        ; 0.070      ; 0.802      ;
; 0.576 ; sc_cpu:cpu|sc_datapath:datapath|sc_mmio:mmio|sc_uart:uart_inst|rxd_q            ; sc_cpu:cpu|sc_datapath:datapath|sc_mmio:mmio|sc_uart:uart_inst|rx_sr[7]          ; clk_cpu      ; clk_cpu     ; 0.000        ; 0.071      ; 0.818      ;
; 0.590 ; sc_cpu:cpu|sc_datapath:datapath|sc_mmio:mmio|sc_uart:uart_inst|rx_bit_idx[1]    ; sc_cpu:cpu|sc_datapath:datapath|sc_mmio:mmio|sc_uart:uart_inst|rx_bit_idx[2]     ; clk_cpu      ; clk_cpu     ; 0.000        ; 0.071      ; 0.832      ;
; 0.598 ; sc_cpu:cpu|sc_datapath:datapath|sc_mmio:mmio|sc_uart:uart_inst|tx_bit_idx[0]    ; sc_cpu:cpu|sc_datapath:datapath|sc_mmio:mmio|sc_uart:uart_inst|tx_bit_idx[2]     ; clk_cpu      ; clk_cpu     ; 0.000        ; 0.071      ; 0.840      ;
; 0.599 ; sc_cpu:cpu|sc_datapath:datapath|pc_reg[22]                                      ; sc_cpu:cpu|sc_datapath:datapath|pc_reg[22]                                       ; clk_cpu      ; clk_cpu     ; 0.000        ; 0.073      ; 0.843      ;
; 0.599 ; sc_cpu:cpu|sc_datapath:datapath|pc_reg[20]                                      ; sc_cpu:cpu|sc_datapath:datapath|pc_reg[20]                                       ; clk_cpu      ; clk_cpu     ; 0.000        ; 0.073      ; 0.843      ;
; 0.599 ; sc_cpu:cpu|sc_datapath:datapath|pc_reg[16]                                      ; sc_cpu:cpu|sc_datapath:datapath|pc_reg[16]                                       ; clk_cpu      ; clk_cpu     ; 0.000        ; 0.072      ; 0.842      ;
; 0.599 ; sc_cpu:cpu|sc_datapath:datapath|pc_reg[14]                                      ; sc_cpu:cpu|sc_datapath:datapath|pc_reg[14]                                       ; clk_cpu      ; clk_cpu     ; 0.000        ; 0.072      ; 0.842      ;
; 0.599 ; sc_cpu:cpu|sc_datapath:datapath|pc_reg[7]                                       ; sc_cpu:cpu|sc_datapath:datapath|pc_reg[7]                                        ; clk_cpu      ; clk_cpu     ; 0.000        ; 0.072      ; 0.842      ;
; 0.599 ; sc_cpu:cpu|sc_datapath:datapath|pc_reg[4]                                       ; sc_cpu:cpu|sc_datapath:datapath|pc_reg[4]                                        ; clk_cpu      ; clk_cpu     ; 0.000        ; 0.072      ; 0.842      ;
; 0.600 ; sc_cpu:cpu|sc_datapath:datapath|pc_reg[30]                                      ; sc_cpu:cpu|sc_datapath:datapath|pc_reg[30]                                       ; clk_cpu      ; clk_cpu     ; 0.000        ; 0.073      ; 0.844      ;
; 0.600 ; sc_cpu:cpu|sc_datapath:datapath|pc_reg[17]                                      ; sc_cpu:cpu|sc_datapath:datapath|pc_reg[17]                                       ; clk_cpu      ; clk_cpu     ; 0.000        ; 0.073      ; 0.844      ;
; 0.600 ; sc_cpu:cpu|sc_datapath:datapath|pc_reg[12]                                      ; sc_cpu:cpu|sc_datapath:datapath|pc_reg[12]                                       ; clk_cpu      ; clk_cpu     ; 0.000        ; 0.072      ; 0.843      ;
; 0.600 ; sc_cpu:cpu|sc_datapath:datapath|pc_reg[6]                                       ; sc_cpu:cpu|sc_datapath:datapath|pc_reg[6]                                        ; clk_cpu      ; clk_cpu     ; 0.000        ; 0.072      ; 0.843      ;
; 0.600 ; sc_cpu:cpu|sc_datapath:datapath|sc_mmio:mmio|cycle_count[15]                    ; sc_cpu:cpu|sc_datapath:datapath|sc_mmio:mmio|cycle_count[15]                     ; clk_cpu      ; clk_cpu     ; 0.000        ; 0.071      ; 0.842      ;
; 0.600 ; sc_cpu:cpu|sc_datapath:datapath|sc_mmio:mmio|cycle_count[13]                    ; sc_cpu:cpu|sc_datapath:datapath|sc_mmio:mmio|cycle_count[13]                     ; clk_cpu      ; clk_cpu     ; 0.000        ; 0.071      ; 0.842      ;
; 0.600 ; sc_cpu:cpu|sc_datapath:datapath|sc_mmio:mmio|sc_uart:uart_inst|tx_cnt[3]        ; sc_cpu:cpu|sc_datapath:datapath|sc_mmio:mmio|sc_uart:uart_inst|tx_cnt[3]         ; clk_cpu      ; clk_cpu     ; 0.000        ; 0.071      ; 0.842      ;
; 0.600 ; sc_cpu:cpu|sc_datapath:datapath|sc_mmio:mmio|sc_uart:uart_inst|tx_cnt[5]        ; sc_cpu:cpu|sc_datapath:datapath|sc_mmio:mmio|sc_uart:uart_inst|tx_cnt[5]         ; clk_cpu      ; clk_cpu     ; 0.000        ; 0.071      ; 0.842      ;
; 0.600 ; sc_cpu:cpu|sc_datapath:datapath|sc_mmio:mmio|sc_uart:uart_inst|tx_cnt[13]       ; sc_cpu:cpu|sc_datapath:datapath|sc_mmio:mmio|sc_uart:uart_inst|tx_cnt[13]        ; clk_cpu      ; clk_cpu     ; 0.000        ; 0.071      ; 0.842      ;
; 0.600 ; sc_cpu:cpu|sc_datapath:datapath|sc_mmio:mmio|cycle_count[6]                     ; sc_cpu:cpu|sc_datapath:datapath|sc_mmio:mmio|cycle_count[6]                      ; clk_cpu      ; clk_cpu     ; 0.000        ; 0.071      ; 0.842      ;
; 0.600 ; sc_cpu:cpu|sc_datapath:datapath|sc_mmio:mmio|cycle_count[3]                     ; sc_cpu:cpu|sc_datapath:datapath|sc_mmio:mmio|cycle_count[3]                      ; clk_cpu      ; clk_cpu     ; 0.000        ; 0.071      ; 0.842      ;
; 0.600 ; sc_cpu:cpu|sc_datapath:datapath|sc_mmio:mmio|sc_uart:uart_inst|rx_cnt[3]        ; sc_cpu:cpu|sc_datapath:datapath|sc_mmio:mmio|sc_uart:uart_inst|rx_cnt[3]         ; clk_cpu      ; clk_cpu     ; 0.000        ; 0.071      ; 0.842      ;
; 0.600 ; sc_cpu:cpu|sc_datapath:datapath|sc_mmio:mmio|sc_uart:uart_inst|rx_cnt[5]        ; sc_cpu:cpu|sc_datapath:datapath|sc_mmio:mmio|sc_uart:uart_inst|rx_cnt[5]         ; clk_cpu      ; clk_cpu     ; 0.000        ; 0.071      ; 0.842      ;
; 0.600 ; sc_cpu:cpu|sc_datapath:datapath|sc_mmio:mmio|sc_uart:uart_inst|rx_cnt[13]       ; sc_cpu:cpu|sc_datapath:datapath|sc_mmio:mmio|sc_uart:uart_inst|rx_cnt[13]        ; clk_cpu      ; clk_cpu     ; 0.000        ; 0.071      ; 0.842      ;
; 0.600 ; sc_cpu:cpu|sc_datapath:datapath|sc_mmio:mmio|sc_uart:uart_inst|tx_bit_idx[0]    ; sc_cpu:cpu|sc_datapath:datapath|sc_mmio:mmio|sc_uart:uart_inst|tx_bit_idx[1]     ; clk_cpu      ; clk_cpu     ; 0.000        ; 0.071      ; 0.842      ;
; 0.601 ; sc_cpu:cpu|sc_datapath:datapath|pc_reg[19]                                      ; sc_cpu:cpu|sc_datapath:datapath|pc_reg[19]                                       ; clk_cpu      ; clk_cpu     ; 0.000        ; 0.073      ; 0.845      ;
; 0.601 ; sc_cpu:cpu|sc_datapath:datapath|pc_reg[15]                                      ; sc_cpu:cpu|sc_datapath:datapath|pc_reg[15]                                       ; clk_cpu      ; clk_cpu     ; 0.000        ; 0.072      ; 0.844      ;
; 0.601 ; sc_cpu:cpu|sc_datapath:datapath|pc_reg[3]                                       ; sc_cpu:cpu|sc_datapath:datapath|pc_reg[3]                                        ; clk_cpu      ; clk_cpu     ; 0.000        ; 0.072      ; 0.844      ;
; 0.601 ; sc_cpu:cpu|sc_datapath:datapath|sc_mmio:mmio|cycle_count[11]                    ; sc_cpu:cpu|sc_datapath:datapath|sc_mmio:mmio|cycle_count[11]                     ; clk_cpu      ; clk_cpu     ; 0.000        ; 0.071      ; 0.843      ;
; 0.601 ; sc_cpu:cpu|sc_datapath:datapath|sc_mmio:mmio|sc_uart:uart_inst|tx_cnt[11]       ; sc_cpu:cpu|sc_datapath:datapath|sc_mmio:mmio|sc_uart:uart_inst|tx_cnt[11]        ; clk_cpu      ; clk_cpu     ; 0.000        ; 0.071      ; 0.843      ;
; 0.601 ; sc_cpu:cpu|sc_datapath:datapath|sc_mmio:mmio|sc_uart:uart_inst|tx_cnt[15]       ; sc_cpu:cpu|sc_datapath:datapath|sc_mmio:mmio|sc_uart:uart_inst|tx_cnt[15]        ; clk_cpu      ; clk_cpu     ; 0.000        ; 0.071      ; 0.843      ;
; 0.601 ; sc_cpu:cpu|sc_datapath:datapath|sc_mmio:mmio|cycle_count[5]                     ; sc_cpu:cpu|sc_datapath:datapath|sc_mmio:mmio|cycle_count[5]                      ; clk_cpu      ; clk_cpu     ; 0.000        ; 0.071      ; 0.843      ;
; 0.601 ; sc_cpu:cpu|sc_datapath:datapath|sc_mmio:mmio|sc_uart:uart_inst|rx_cnt[11]       ; sc_cpu:cpu|sc_datapath:datapath|sc_mmio:mmio|sc_uart:uart_inst|rx_cnt[11]        ; clk_cpu      ; clk_cpu     ; 0.000        ; 0.071      ; 0.843      ;
; 0.601 ; sc_cpu:cpu|sc_datapath:datapath|sc_mmio:mmio|sc_uart:uart_inst|rx_cnt[15]       ; sc_cpu:cpu|sc_datapath:datapath|sc_mmio:mmio|sc_uart:uart_inst|rx_cnt[15]        ; clk_cpu      ; clk_cpu     ; 0.000        ; 0.071      ; 0.843      ;
; 0.601 ; sc_cpu:cpu|sc_datapath:datapath|sc_mmio:mmio|sc_uart:uart_inst|rx_bit_idx[0]    ; sc_cpu:cpu|sc_datapath:datapath|sc_mmio:mmio|sc_uart:uart_inst|rx_bit_idx[1]     ; clk_cpu      ; clk_cpu     ; 0.000        ; 0.071      ; 0.843      ;
; 0.602 ; sc_cpu:cpu|sc_datapath:datapath|pc_reg[29]                                      ; sc_cpu:cpu|sc_datapath:datapath|pc_reg[29]                                       ; clk_cpu      ; clk_cpu     ; 0.000        ; 0.073      ; 0.846      ;
; 0.602 ; sc_cpu:cpu|sc_datapath:datapath|pc_reg[27]                                      ; sc_cpu:cpu|sc_datapath:datapath|pc_reg[27]                                       ; clk_cpu      ; clk_cpu     ; 0.000        ; 0.073      ; 0.846      ;
; 0.602 ; sc_cpu:cpu|sc_datapath:datapath|pc_reg[25]                                      ; sc_cpu:cpu|sc_datapath:datapath|pc_reg[25]                                       ; clk_cpu      ; clk_cpu     ; 0.000        ; 0.073      ; 0.846      ;
; 0.602 ; sc_cpu:cpu|sc_datapath:datapath|pc_reg[21]                                      ; sc_cpu:cpu|sc_datapath:datapath|pc_reg[21]                                       ; clk_cpu      ; clk_cpu     ; 0.000        ; 0.073      ; 0.846      ;
; 0.602 ; sc_cpu:cpu|sc_datapath:datapath|pc_reg[18]                                      ; sc_cpu:cpu|sc_datapath:datapath|pc_reg[18]                                       ; clk_cpu      ; clk_cpu     ; 0.000        ; 0.073      ; 0.846      ;
; 0.602 ; sc_cpu:cpu|sc_datapath:datapath|pc_reg[11]                                      ; sc_cpu:cpu|sc_datapath:datapath|pc_reg[11]                                       ; clk_cpu      ; clk_cpu     ; 0.000        ; 0.072      ; 0.845      ;
; 0.602 ; sc_cpu:cpu|sc_datapath:datapath|sc_mmio:mmio|cycle_count[29]                    ; sc_cpu:cpu|sc_datapath:datapath|sc_mmio:mmio|cycle_count[29]                     ; clk_cpu      ; clk_cpu     ; 0.000        ; 0.070      ; 0.843      ;
; 0.602 ; sc_cpu:cpu|sc_datapath:datapath|sc_mmio:mmio|cycle_count[22]                    ; sc_cpu:cpu|sc_datapath:datapath|sc_mmio:mmio|cycle_count[22]                     ; clk_cpu      ; clk_cpu     ; 0.000        ; 0.070      ; 0.843      ;
; 0.602 ; sc_cpu:cpu|sc_datapath:datapath|sc_mmio:mmio|cycle_count[21]                    ; sc_cpu:cpu|sc_datapath:datapath|sc_mmio:mmio|cycle_count[21]                     ; clk_cpu      ; clk_cpu     ; 0.000        ; 0.070      ; 0.843      ;
; 0.602 ; sc_cpu:cpu|sc_datapath:datapath|sc_mmio:mmio|cycle_count[19]                    ; sc_cpu:cpu|sc_datapath:datapath|sc_mmio:mmio|cycle_count[19]                     ; clk_cpu      ; clk_cpu     ; 0.000        ; 0.070      ; 0.843      ;
; 0.602 ; sc_cpu:cpu|sc_datapath:datapath|sc_mmio:mmio|cycle_count[14]                    ; sc_cpu:cpu|sc_datapath:datapath|sc_mmio:mmio|cycle_count[14]                     ; clk_cpu      ; clk_cpu     ; 0.000        ; 0.071      ; 0.844      ;
; 0.602 ; sc_cpu:cpu|sc_datapath:datapath|sc_mmio:mmio|sc_uart:uart_inst|tx_cnt[1]        ; sc_cpu:cpu|sc_datapath:datapath|sc_mmio:mmio|sc_uart:uart_inst|tx_cnt[1]         ; clk_cpu      ; clk_cpu     ; 0.000        ; 0.071      ; 0.844      ;
; 0.602 ; sc_cpu:cpu|sc_datapath:datapath|sc_mmio:mmio|sc_uart:uart_inst|tx_cnt[6]        ; sc_cpu:cpu|sc_datapath:datapath|sc_mmio:mmio|sc_uart:uart_inst|tx_cnt[6]         ; clk_cpu      ; clk_cpu     ; 0.000        ; 0.071      ; 0.844      ;
; 0.602 ; sc_cpu:cpu|sc_datapath:datapath|sc_mmio:mmio|cycle_count[2]                     ; sc_cpu:cpu|sc_datapath:datapath|sc_mmio:mmio|cycle_count[2]                      ; clk_cpu      ; clk_cpu     ; 0.000        ; 0.071      ; 0.844      ;
; 0.602 ; sc_cpu:cpu|sc_datapath:datapath|sc_mmio:mmio|sc_uart:uart_inst|rx_cnt[6]        ; sc_cpu:cpu|sc_datapath:datapath|sc_mmio:mmio|sc_uart:uart_inst|rx_cnt[6]         ; clk_cpu      ; clk_cpu     ; 0.000        ; 0.071      ; 0.844      ;
; 0.602 ; sc_cpu:cpu|sc_datapath:datapath|sc_mmio:mmio|sc_uart:uart_inst|rx_cnt[1]        ; sc_cpu:cpu|sc_datapath:datapath|sc_mmio:mmio|sc_uart:uart_inst|rx_cnt[1]         ; clk_cpu      ; clk_cpu     ; 0.000        ; 0.071      ; 0.844      ;
; 0.602 ; sc_cpu:cpu|sc_datapath:datapath|sc_mmio:mmio|sc_uart:uart_inst|rx_bit_idx[0]    ; sc_cpu:cpu|sc_datapath:datapath|sc_mmio:mmio|sc_uart:uart_inst|rx_bit_idx[2]     ; clk_cpu      ; clk_cpu     ; 0.000        ; 0.071      ; 0.844      ;
; 0.603 ; sc_cpu:cpu|sc_datapath:datapath|sc_mmio:mmio|cycle_count[31]                    ; sc_cpu:cpu|sc_datapath:datapath|sc_mmio:mmio|cycle_count[31]                     ; clk_cpu      ; clk_cpu     ; 0.000        ; 0.070      ; 0.844      ;
; 0.603 ; sc_cpu:cpu|sc_datapath:datapath|sc_mmio:mmio|cycle_count[27]                    ; sc_cpu:cpu|sc_datapath:datapath|sc_mmio:mmio|cycle_count[27]                     ; clk_cpu      ; clk_cpu     ; 0.000        ; 0.070      ; 0.844      ;
; 0.603 ; sc_cpu:cpu|sc_datapath:datapath|sc_mmio:mmio|cycle_count[16]                    ; sc_cpu:cpu|sc_datapath:datapath|sc_mmio:mmio|cycle_count[16]                     ; clk_cpu      ; clk_cpu     ; 0.000        ; 0.070      ; 0.844      ;
; 0.603 ; sc_cpu:cpu|sc_datapath:datapath|sc_mmio:mmio|cycle_count[12]                    ; sc_cpu:cpu|sc_datapath:datapath|sc_mmio:mmio|cycle_count[12]                     ; clk_cpu      ; clk_cpu     ; 0.000        ; 0.071      ; 0.845      ;
; 0.603 ; sc_cpu:cpu|sc_datapath:datapath|sc_mmio:mmio|cycle_count[10]                    ; sc_cpu:cpu|sc_datapath:datapath|sc_mmio:mmio|cycle_count[10]                     ; clk_cpu      ; clk_cpu     ; 0.000        ; 0.071      ; 0.845      ;
; 0.603 ; sc_cpu:cpu|sc_datapath:datapath|sc_mmio:mmio|cycle_count[8]                     ; sc_cpu:cpu|sc_datapath:datapath|sc_mmio:mmio|cycle_count[8]                      ; clk_cpu      ; clk_cpu     ; 0.000        ; 0.071      ; 0.845      ;
; 0.604 ; sc_cpu:cpu|sc_datapath:datapath|pc_reg[26]                                      ; sc_cpu:cpu|sc_datapath:datapath|pc_reg[26]                                       ; clk_cpu      ; clk_cpu     ; 0.000        ; 0.073      ; 0.848      ;
+-------+---------------------------------------------------------------------------------+----------------------------------------------------------------------------------+--------------+-------------+--------------+------------+------------+


----------------------------------------------
; Slow 1200mV 0C Model Metastability Summary ;
----------------------------------------------
The design MTBF is not calculated because there are no specified synchronizers in the design.
Number of Synchronizer Chains Found: 1
Shortest Synchronizer Chain: 2 Registers
Fraction of Chains for which MTBFs Could Not be Calculated: 1.000
Worst Case Available Settling Time: 192.963 ns




+------------------------------------+
; Fast 1200mV 0C Model Setup Summary ;
+---------+--------+-----------------+
; Clock   ; Slack  ; End Point TNS   ;
+---------+--------+-----------------+
; clk_cpu ; 78.695 ; 0.000           ;
+---------+--------+-----------------+


+-----------------------------------+
; Fast 1200mV 0C Model Hold Summary ;
+---------+-------+-----------------+
; Clock   ; Slack ; End Point TNS   ;
+---------+-------+-----------------+
; clk_cpu ; 0.183 ; 0.000           ;
+---------+-------+-----------------+


-----------------------------------------
; Fast 1200mV 0C Model Recovery Summary ;
-----------------------------------------
No paths to report.


----------------------------------------
; Fast 1200mV 0C Model Removal Summary ;
----------------------------------------
No paths to report.


+--------------------------------------------------+
; Fast 1200mV 0C Model Minimum Pulse Width Summary ;
+---------+--------+-------------------------------+
; Clock   ; Slack  ; End Point TNS                 ;
+---------+--------+-------------------------------+
; clk     ; 9.574  ; 0.000                         ;
; clk_cpu ; 49.779 ; 0.000                         ;
+---------+--------+-------------------------------+


+----------------------------------------------------------------------------------------------------------------------------------------------------------------------------------------+
; Fast 1200mV 0C Model Setup: 'clk_cpu'                                                                                                                                                  ;
+--------+-------------------------------------------+-------------------------------------------------------------+--------------+-------------+--------------+------------+------------+
; Slack  ; From Node                                 ; To Node                                                     ; Launch Clock ; Latch Clock ; Relationship ; Clock Skew ; Data Delay ;
+--------+-------------------------------------------+-------------------------------------------------------------+--------------+-------------+--------------+------------+------------+
; 78.695 ; sc_cpu:cpu|sc_datapath:datapath|pc_reg[8] ; sc_cpu:cpu|sc_datapath:datapath|sc_regfile:regfile|regs~658 ; clk_cpu      ; clk_cpu     ; 100.000      ; -0.122     ; 21.170     ;
; 78.724 ; sc_cpu:cpu|sc_datapath:datapath|pc_reg[3] ; sc_cpu:cpu|sc_datapath:datapath|sc_regfile:regfile|regs~658 ; clk_cpu      ; clk_cpu     ; 100.000      ; -0.122     ; 21.141     ;
; 78.749 ; sc_cpu:cpu|sc_datapath:datapath|pc_reg[5] ; sc_cpu:cpu|sc_datapath:datapath|sc_regfile:regfile|regs~658 ; clk_cpu      ; clk_cpu     ; 100.000      ; -0.122     ; 21.116     ;
; 78.830 ; sc_cpu:cpu|sc_datapath:datapath|pc_reg[7] ; sc_cpu:cpu|sc_datapath:datapath|sc_regfile:regfile|regs~658 ; clk_cpu      ; clk_cpu     ; 100.000      ; -0.122     ; 21.035     ;
; 78.830 ; sc_cpu:cpu|sc_datapath:datapath|pc_reg[4] ; sc_cpu:cpu|sc_datapath:datapath|sc_regfile:regfile|regs~658 ; clk_cpu      ; clk_cpu     ; 100.000      ; -0.122     ; 21.035     ;
; 78.868 ; sc_cpu:cpu|sc_datapath:datapath|pc_reg[9] ; sc_cpu:cpu|sc_datapath:datapath|sc_regfile:regfile|regs~658 ; clk_cpu      ; clk_cpu     ; 100.000      ; -0.122     ; 20.997     ;
; 78.937 ; sc_cpu:cpu|sc_datapath:datapath|pc_reg[2] ; sc_cpu:cpu|sc_datapath:datapath|sc_regfile:regfile|regs~658 ; clk_cpu      ; clk_cpu     ; 100.000      ; -0.122     ; 20.928     ;
; 79.104 ; sc_cpu:cpu|sc_datapath:datapath|pc_reg[8] ; sc_cpu:cpu|sc_datapath:datapath|sc_regfile:regfile|regs~498 ; clk_cpu      ; clk_cpu     ; 100.000      ; -0.090     ; 20.793     ;
; 79.106 ; sc_cpu:cpu|sc_datapath:datapath|pc_reg[8] ; sc_cpu:cpu|sc_datapath:datapath|sc_regfile:regfile|regs~402 ; clk_cpu      ; clk_cpu     ; 100.000      ; -0.090     ; 20.791     ;
; 79.117 ; sc_cpu:cpu|sc_datapath:datapath|pc_reg[8] ; sc_cpu:cpu|sc_datapath:datapath|sc_regfile:regfile|regs~434 ; clk_cpu      ; clk_cpu     ; 100.000      ; -0.090     ; 20.780     ;
; 79.123 ; sc_cpu:cpu|sc_datapath:datapath|pc_reg[6] ; sc_cpu:cpu|sc_datapath:datapath|sc_regfile:regfile|regs~658 ; clk_cpu      ; clk_cpu     ; 100.000      ; -0.122     ; 20.742     ;
; 79.128 ; sc_cpu:cpu|sc_datapath:datapath|pc_reg[8] ; sc_cpu:cpu|sc_datapath:datapath|sc_regfile:regfile|regs~274 ; clk_cpu      ; clk_cpu     ; 100.000      ; -0.094     ; 20.765     ;
; 79.133 ; sc_cpu:cpu|sc_datapath:datapath|pc_reg[8] ; sc_cpu:cpu|sc_datapath:datapath|sc_regfile:regfile|regs~306 ; clk_cpu      ; clk_cpu     ; 100.000      ; -0.094     ; 20.760     ;
; 79.133 ; sc_cpu:cpu|sc_datapath:datapath|pc_reg[3] ; sc_cpu:cpu|sc_datapath:datapath|sc_regfile:regfile|regs~498 ; clk_cpu      ; clk_cpu     ; 100.000      ; -0.090     ; 20.764     ;
; 79.135 ; sc_cpu:cpu|sc_datapath:datapath|pc_reg[3] ; sc_cpu:cpu|sc_datapath:datapath|sc_regfile:regfile|regs~402 ; clk_cpu      ; clk_cpu     ; 100.000      ; -0.090     ; 20.762     ;
; 79.146 ; sc_cpu:cpu|sc_datapath:datapath|pc_reg[3] ; sc_cpu:cpu|sc_datapath:datapath|sc_regfile:regfile|regs~434 ; clk_cpu      ; clk_cpu     ; 100.000      ; -0.090     ; 20.751     ;
; 79.157 ; sc_cpu:cpu|sc_datapath:datapath|pc_reg[3] ; sc_cpu:cpu|sc_datapath:datapath|sc_regfile:regfile|regs~274 ; clk_cpu      ; clk_cpu     ; 100.000      ; -0.094     ; 20.736     ;
; 79.158 ; sc_cpu:cpu|sc_datapath:datapath|pc_reg[5] ; sc_cpu:cpu|sc_datapath:datapath|sc_regfile:regfile|regs~498 ; clk_cpu      ; clk_cpu     ; 100.000      ; -0.090     ; 20.739     ;
; 79.160 ; sc_cpu:cpu|sc_datapath:datapath|pc_reg[5] ; sc_cpu:cpu|sc_datapath:datapath|sc_regfile:regfile|regs~402 ; clk_cpu      ; clk_cpu     ; 100.000      ; -0.090     ; 20.737     ;
; 79.162 ; sc_cpu:cpu|sc_datapath:datapath|pc_reg[3] ; sc_cpu:cpu|sc_datapath:datapath|sc_regfile:regfile|regs~306 ; clk_cpu      ; clk_cpu     ; 100.000      ; -0.094     ; 20.731     ;
; 79.171 ; sc_cpu:cpu|sc_datapath:datapath|pc_reg[5] ; sc_cpu:cpu|sc_datapath:datapath|sc_regfile:regfile|regs~434 ; clk_cpu      ; clk_cpu     ; 100.000      ; -0.090     ; 20.726     ;
; 79.173 ; sc_cpu:cpu|sc_datapath:datapath|pc_reg[8] ; sc_cpu:cpu|sc_datapath:datapath|sc_regfile:regfile|regs~18  ; clk_cpu      ; clk_cpu     ; 100.000      ; -0.079     ; 20.735     ;
; 79.174 ; sc_cpu:cpu|sc_datapath:datapath|pc_reg[8] ; sc_cpu:cpu|sc_datapath:datapath|sc_regfile:regfile|regs~242 ; clk_cpu      ; clk_cpu     ; 100.000      ; -0.079     ; 20.734     ;
; 79.181 ; sc_cpu:cpu|sc_datapath:datapath|pc_reg[8] ; sc_cpu:cpu|sc_datapath:datapath|sc_regfile:regfile|regs~210 ; clk_cpu      ; clk_cpu     ; 100.000      ; -0.089     ; 20.717     ;
; 79.181 ; sc_cpu:cpu|sc_datapath:datapath|pc_reg[8] ; sc_cpu:cpu|sc_datapath:datapath|sc_regfile:regfile|regs~466 ; clk_cpu      ; clk_cpu     ; 100.000      ; -0.089     ; 20.717     ;
; 79.182 ; sc_cpu:cpu|sc_datapath:datapath|pc_reg[5] ; sc_cpu:cpu|sc_datapath:datapath|sc_regfile:regfile|regs~274 ; clk_cpu      ; clk_cpu     ; 100.000      ; -0.094     ; 20.711     ;
; 79.187 ; sc_cpu:cpu|sc_datapath:datapath|pc_reg[5] ; sc_cpu:cpu|sc_datapath:datapath|sc_regfile:regfile|regs~306 ; clk_cpu      ; clk_cpu     ; 100.000      ; -0.094     ; 20.706     ;
; 79.202 ; sc_cpu:cpu|sc_datapath:datapath|pc_reg[3] ; sc_cpu:cpu|sc_datapath:datapath|sc_regfile:regfile|regs~18  ; clk_cpu      ; clk_cpu     ; 100.000      ; -0.079     ; 20.706     ;
; 79.203 ; sc_cpu:cpu|sc_datapath:datapath|pc_reg[3] ; sc_cpu:cpu|sc_datapath:datapath|sc_regfile:regfile|regs~242 ; clk_cpu      ; clk_cpu     ; 100.000      ; -0.079     ; 20.705     ;
; 79.210 ; sc_cpu:cpu|sc_datapath:datapath|pc_reg[3] ; sc_cpu:cpu|sc_datapath:datapath|sc_regfile:regfile|regs~210 ; clk_cpu      ; clk_cpu     ; 100.000      ; -0.089     ; 20.688     ;
; 79.210 ; sc_cpu:cpu|sc_datapath:datapath|pc_reg[3] ; sc_cpu:cpu|sc_datapath:datapath|sc_regfile:regfile|regs~466 ; clk_cpu      ; clk_cpu     ; 100.000      ; -0.089     ; 20.688     ;
; 79.227 ; sc_cpu:cpu|sc_datapath:datapath|pc_reg[5] ; sc_cpu:cpu|sc_datapath:datapath|sc_regfile:regfile|regs~18  ; clk_cpu      ; clk_cpu     ; 100.000      ; -0.079     ; 20.681     ;
; 79.228 ; sc_cpu:cpu|sc_datapath:datapath|pc_reg[5] ; sc_cpu:cpu|sc_datapath:datapath|sc_regfile:regfile|regs~242 ; clk_cpu      ; clk_cpu     ; 100.000      ; -0.079     ; 20.680     ;
; 79.235 ; sc_cpu:cpu|sc_datapath:datapath|pc_reg[5] ; sc_cpu:cpu|sc_datapath:datapath|sc_regfile:regfile|regs~210 ; clk_cpu      ; clk_cpu     ; 100.000      ; -0.089     ; 20.663     ;
; 79.235 ; sc_cpu:cpu|sc_datapath:datapath|pc_reg[5] ; sc_cpu:cpu|sc_datapath:datapath|sc_regfile:regfile|regs~466 ; clk_cpu      ; clk_cpu     ; 100.000      ; -0.089     ; 20.663     ;
; 79.239 ; sc_cpu:cpu|sc_datapath:datapath|pc_reg[7] ; sc_cpu:cpu|sc_datapath:datapath|sc_regfile:regfile|regs~498 ; clk_cpu      ; clk_cpu     ; 100.000      ; -0.090     ; 20.658     ;
; 79.239 ; sc_cpu:cpu|sc_datapath:datapath|pc_reg[4] ; sc_cpu:cpu|sc_datapath:datapath|sc_regfile:regfile|regs~498 ; clk_cpu      ; clk_cpu     ; 100.000      ; -0.090     ; 20.658     ;
; 79.241 ; sc_cpu:cpu|sc_datapath:datapath|pc_reg[7] ; sc_cpu:cpu|sc_datapath:datapath|sc_regfile:regfile|regs~402 ; clk_cpu      ; clk_cpu     ; 100.000      ; -0.090     ; 20.656     ;
; 79.241 ; sc_cpu:cpu|sc_datapath:datapath|pc_reg[4] ; sc_cpu:cpu|sc_datapath:datapath|sc_regfile:regfile|regs~402 ; clk_cpu      ; clk_cpu     ; 100.000      ; -0.090     ; 20.656     ;
; 79.252 ; sc_cpu:cpu|sc_datapath:datapath|pc_reg[7] ; sc_cpu:cpu|sc_datapath:datapath|sc_regfile:regfile|regs~434 ; clk_cpu      ; clk_cpu     ; 100.000      ; -0.090     ; 20.645     ;
; 79.252 ; sc_cpu:cpu|sc_datapath:datapath|pc_reg[4] ; sc_cpu:cpu|sc_datapath:datapath|sc_regfile:regfile|regs~434 ; clk_cpu      ; clk_cpu     ; 100.000      ; -0.090     ; 20.645     ;
; 79.255 ; sc_cpu:cpu|sc_datapath:datapath|pc_reg[8] ; sc_cpu:cpu|sc_datapath:datapath|sc_regfile:regfile|regs~178 ; clk_cpu      ; clk_cpu     ; 100.000      ; -0.106     ; 20.626     ;
; 79.256 ; sc_cpu:cpu|sc_datapath:datapath|pc_reg[8] ; sc_cpu:cpu|sc_datapath:datapath|sc_regfile:regfile|regs~50  ; clk_cpu      ; clk_cpu     ; 100.000      ; -0.099     ; 20.632     ;
; 79.257 ; sc_cpu:cpu|sc_datapath:datapath|pc_reg[8] ; sc_cpu:cpu|sc_datapath:datapath|sc_regfile:regfile|regs~114 ; clk_cpu      ; clk_cpu     ; 100.000      ; -0.099     ; 20.631     ;
; 79.263 ; sc_cpu:cpu|sc_datapath:datapath|pc_reg[7] ; sc_cpu:cpu|sc_datapath:datapath|sc_regfile:regfile|regs~274 ; clk_cpu      ; clk_cpu     ; 100.000      ; -0.094     ; 20.630     ;
; 79.263 ; sc_cpu:cpu|sc_datapath:datapath|pc_reg[4] ; sc_cpu:cpu|sc_datapath:datapath|sc_regfile:regfile|regs~274 ; clk_cpu      ; clk_cpu     ; 100.000      ; -0.094     ; 20.630     ;
; 79.268 ; sc_cpu:cpu|sc_datapath:datapath|pc_reg[7] ; sc_cpu:cpu|sc_datapath:datapath|sc_regfile:regfile|regs~306 ; clk_cpu      ; clk_cpu     ; 100.000      ; -0.094     ; 20.625     ;
; 79.268 ; sc_cpu:cpu|sc_datapath:datapath|pc_reg[4] ; sc_cpu:cpu|sc_datapath:datapath|sc_regfile:regfile|regs~306 ; clk_cpu      ; clk_cpu     ; 100.000      ; -0.094     ; 20.625     ;
; 79.277 ; sc_cpu:cpu|sc_datapath:datapath|pc_reg[9] ; sc_cpu:cpu|sc_datapath:datapath|sc_regfile:regfile|regs~498 ; clk_cpu      ; clk_cpu     ; 100.000      ; -0.090     ; 20.620     ;
; 79.279 ; sc_cpu:cpu|sc_datapath:datapath|pc_reg[9] ; sc_cpu:cpu|sc_datapath:datapath|sc_regfile:regfile|regs~402 ; clk_cpu      ; clk_cpu     ; 100.000      ; -0.090     ; 20.618     ;
; 79.284 ; sc_cpu:cpu|sc_datapath:datapath|pc_reg[3] ; sc_cpu:cpu|sc_datapath:datapath|sc_regfile:regfile|regs~178 ; clk_cpu      ; clk_cpu     ; 100.000      ; -0.106     ; 20.597     ;
; 79.285 ; sc_cpu:cpu|sc_datapath:datapath|pc_reg[3] ; sc_cpu:cpu|sc_datapath:datapath|sc_regfile:regfile|regs~50  ; clk_cpu      ; clk_cpu     ; 100.000      ; -0.099     ; 20.603     ;
; 79.286 ; sc_cpu:cpu|sc_datapath:datapath|pc_reg[3] ; sc_cpu:cpu|sc_datapath:datapath|sc_regfile:regfile|regs~114 ; clk_cpu      ; clk_cpu     ; 100.000      ; -0.099     ; 20.602     ;
; 79.290 ; sc_cpu:cpu|sc_datapath:datapath|pc_reg[9] ; sc_cpu:cpu|sc_datapath:datapath|sc_regfile:regfile|regs~434 ; clk_cpu      ; clk_cpu     ; 100.000      ; -0.090     ; 20.607     ;
; 79.301 ; sc_cpu:cpu|sc_datapath:datapath|pc_reg[9] ; sc_cpu:cpu|sc_datapath:datapath|sc_regfile:regfile|regs~274 ; clk_cpu      ; clk_cpu     ; 100.000      ; -0.094     ; 20.592     ;
; 79.306 ; sc_cpu:cpu|sc_datapath:datapath|pc_reg[9] ; sc_cpu:cpu|sc_datapath:datapath|sc_regfile:regfile|regs~306 ; clk_cpu      ; clk_cpu     ; 100.000      ; -0.094     ; 20.587     ;
; 79.308 ; sc_cpu:cpu|sc_datapath:datapath|pc_reg[7] ; sc_cpu:cpu|sc_datapath:datapath|sc_regfile:regfile|regs~18  ; clk_cpu      ; clk_cpu     ; 100.000      ; -0.079     ; 20.600     ;
; 79.308 ; sc_cpu:cpu|sc_datapath:datapath|pc_reg[4] ; sc_cpu:cpu|sc_datapath:datapath|sc_regfile:regfile|regs~18  ; clk_cpu      ; clk_cpu     ; 100.000      ; -0.079     ; 20.600     ;
; 79.309 ; sc_cpu:cpu|sc_datapath:datapath|pc_reg[7] ; sc_cpu:cpu|sc_datapath:datapath|sc_regfile:regfile|regs~242 ; clk_cpu      ; clk_cpu     ; 100.000      ; -0.079     ; 20.599     ;
; 79.309 ; sc_cpu:cpu|sc_datapath:datapath|pc_reg[4] ; sc_cpu:cpu|sc_datapath:datapath|sc_regfile:regfile|regs~242 ; clk_cpu      ; clk_cpu     ; 100.000      ; -0.079     ; 20.599     ;
; 79.309 ; sc_cpu:cpu|sc_datapath:datapath|pc_reg[5] ; sc_cpu:cpu|sc_datapath:datapath|sc_regfile:regfile|regs~178 ; clk_cpu      ; clk_cpu     ; 100.000      ; -0.106     ; 20.572     ;
; 79.310 ; sc_cpu:cpu|sc_datapath:datapath|pc_reg[5] ; sc_cpu:cpu|sc_datapath:datapath|sc_regfile:regfile|regs~50  ; clk_cpu      ; clk_cpu     ; 100.000      ; -0.099     ; 20.578     ;
; 79.311 ; sc_cpu:cpu|sc_datapath:datapath|pc_reg[5] ; sc_cpu:cpu|sc_datapath:datapath|sc_regfile:regfile|regs~114 ; clk_cpu      ; clk_cpu     ; 100.000      ; -0.099     ; 20.577     ;
; 79.316 ; sc_cpu:cpu|sc_datapath:datapath|pc_reg[7] ; sc_cpu:cpu|sc_datapath:datapath|sc_regfile:regfile|regs~210 ; clk_cpu      ; clk_cpu     ; 100.000      ; -0.089     ; 20.582     ;
; 79.316 ; sc_cpu:cpu|sc_datapath:datapath|pc_reg[7] ; sc_cpu:cpu|sc_datapath:datapath|sc_regfile:regfile|regs~466 ; clk_cpu      ; clk_cpu     ; 100.000      ; -0.089     ; 20.582     ;
; 79.316 ; sc_cpu:cpu|sc_datapath:datapath|pc_reg[4] ; sc_cpu:cpu|sc_datapath:datapath|sc_regfile:regfile|regs~210 ; clk_cpu      ; clk_cpu     ; 100.000      ; -0.089     ; 20.582     ;
; 79.316 ; sc_cpu:cpu|sc_datapath:datapath|pc_reg[4] ; sc_cpu:cpu|sc_datapath:datapath|sc_regfile:regfile|regs~466 ; clk_cpu      ; clk_cpu     ; 100.000      ; -0.089     ; 20.582     ;
; 79.346 ; sc_cpu:cpu|sc_datapath:datapath|pc_reg[2] ; sc_cpu:cpu|sc_datapath:datapath|sc_regfile:regfile|regs~498 ; clk_cpu      ; clk_cpu     ; 100.000      ; -0.090     ; 20.551     ;
; 79.346 ; sc_cpu:cpu|sc_datapath:datapath|pc_reg[9] ; sc_cpu:cpu|sc_datapath:datapath|sc_regfile:regfile|regs~18  ; clk_cpu      ; clk_cpu     ; 100.000      ; -0.079     ; 20.562     ;
; 79.347 ; sc_cpu:cpu|sc_datapath:datapath|pc_reg[9] ; sc_cpu:cpu|sc_datapath:datapath|sc_regfile:regfile|regs~242 ; clk_cpu      ; clk_cpu     ; 100.000      ; -0.079     ; 20.561     ;
; 79.348 ; sc_cpu:cpu|sc_datapath:datapath|pc_reg[2] ; sc_cpu:cpu|sc_datapath:datapath|sc_regfile:regfile|regs~402 ; clk_cpu      ; clk_cpu     ; 100.000      ; -0.090     ; 20.549     ;
; 79.354 ; sc_cpu:cpu|sc_datapath:datapath|pc_reg[9] ; sc_cpu:cpu|sc_datapath:datapath|sc_regfile:regfile|regs~210 ; clk_cpu      ; clk_cpu     ; 100.000      ; -0.089     ; 20.544     ;
; 79.354 ; sc_cpu:cpu|sc_datapath:datapath|pc_reg[9] ; sc_cpu:cpu|sc_datapath:datapath|sc_regfile:regfile|regs~466 ; clk_cpu      ; clk_cpu     ; 100.000      ; -0.089     ; 20.544     ;
; 79.358 ; sc_cpu:cpu|sc_datapath:datapath|pc_reg[8] ; sc_cpu:cpu|sc_datapath:datapath|sc_regfile:regfile|regs~146 ; clk_cpu      ; clk_cpu     ; 100.000      ; -0.107     ; 20.522     ;
; 79.359 ; sc_cpu:cpu|sc_datapath:datapath|pc_reg[2] ; sc_cpu:cpu|sc_datapath:datapath|sc_regfile:regfile|regs~434 ; clk_cpu      ; clk_cpu     ; 100.000      ; -0.090     ; 20.538     ;
; 79.370 ; sc_cpu:cpu|sc_datapath:datapath|pc_reg[2] ; sc_cpu:cpu|sc_datapath:datapath|sc_regfile:regfile|regs~274 ; clk_cpu      ; clk_cpu     ; 100.000      ; -0.094     ; 20.523     ;
; 79.375 ; sc_cpu:cpu|sc_datapath:datapath|pc_reg[8] ; sc_cpu:cpu|sc_datapath:datapath|sc_regfile:regfile|regs~626 ; clk_cpu      ; clk_cpu     ; 100.000      ; -0.108     ; 20.504     ;
; 79.375 ; sc_cpu:cpu|sc_datapath:datapath|pc_reg[8] ; sc_cpu:cpu|sc_datapath:datapath|sc_regfile:regfile|regs~882 ; clk_cpu      ; clk_cpu     ; 100.000      ; -0.108     ; 20.504     ;
; 79.375 ; sc_cpu:cpu|sc_datapath:datapath|pc_reg[2] ; sc_cpu:cpu|sc_datapath:datapath|sc_regfile:regfile|regs~306 ; clk_cpu      ; clk_cpu     ; 100.000      ; -0.094     ; 20.518     ;
; 79.387 ; sc_cpu:cpu|sc_datapath:datapath|pc_reg[3] ; sc_cpu:cpu|sc_datapath:datapath|sc_regfile:regfile|regs~146 ; clk_cpu      ; clk_cpu     ; 100.000      ; -0.107     ; 20.493     ;
; 79.390 ; sc_cpu:cpu|sc_datapath:datapath|pc_reg[7] ; sc_cpu:cpu|sc_datapath:datapath|sc_regfile:regfile|regs~178 ; clk_cpu      ; clk_cpu     ; 100.000      ; -0.106     ; 20.491     ;
; 79.390 ; sc_cpu:cpu|sc_datapath:datapath|pc_reg[4] ; sc_cpu:cpu|sc_datapath:datapath|sc_regfile:regfile|regs~178 ; clk_cpu      ; clk_cpu     ; 100.000      ; -0.106     ; 20.491     ;
; 79.391 ; sc_cpu:cpu|sc_datapath:datapath|pc_reg[7] ; sc_cpu:cpu|sc_datapath:datapath|sc_regfile:regfile|regs~50  ; clk_cpu      ; clk_cpu     ; 100.000      ; -0.099     ; 20.497     ;
; 79.391 ; sc_cpu:cpu|sc_datapath:datapath|pc_reg[4] ; sc_cpu:cpu|sc_datapath:datapath|sc_regfile:regfile|regs~50  ; clk_cpu      ; clk_cpu     ; 100.000      ; -0.099     ; 20.497     ;
; 79.392 ; sc_cpu:cpu|sc_datapath:datapath|pc_reg[7] ; sc_cpu:cpu|sc_datapath:datapath|sc_regfile:regfile|regs~114 ; clk_cpu      ; clk_cpu     ; 100.000      ; -0.099     ; 20.496     ;
; 79.392 ; sc_cpu:cpu|sc_datapath:datapath|pc_reg[4] ; sc_cpu:cpu|sc_datapath:datapath|sc_regfile:regfile|regs~114 ; clk_cpu      ; clk_cpu     ; 100.000      ; -0.099     ; 20.496     ;
; 79.398 ; sc_cpu:cpu|sc_datapath:datapath|pc_reg[8] ; sc_cpu:cpu|sc_datapath:datapath|sc_regfile:regfile|regs~914 ; clk_cpu      ; clk_cpu     ; 100.000      ; -0.121     ; 20.468     ;
; 79.404 ; sc_cpu:cpu|sc_datapath:datapath|pc_reg[3] ; sc_cpu:cpu|sc_datapath:datapath|sc_regfile:regfile|regs~626 ; clk_cpu      ; clk_cpu     ; 100.000      ; -0.108     ; 20.475     ;
; 79.404 ; sc_cpu:cpu|sc_datapath:datapath|pc_reg[3] ; sc_cpu:cpu|sc_datapath:datapath|sc_regfile:regfile|regs~882 ; clk_cpu      ; clk_cpu     ; 100.000      ; -0.108     ; 20.475     ;
; 79.412 ; sc_cpu:cpu|sc_datapath:datapath|pc_reg[5] ; sc_cpu:cpu|sc_datapath:datapath|sc_regfile:regfile|regs~146 ; clk_cpu      ; clk_cpu     ; 100.000      ; -0.107     ; 20.468     ;
; 79.415 ; sc_cpu:cpu|sc_datapath:datapath|pc_reg[2] ; sc_cpu:cpu|sc_datapath:datapath|sc_regfile:regfile|regs~18  ; clk_cpu      ; clk_cpu     ; 100.000      ; -0.079     ; 20.493     ;
; 79.416 ; sc_cpu:cpu|sc_datapath:datapath|pc_reg[2] ; sc_cpu:cpu|sc_datapath:datapath|sc_regfile:regfile|regs~242 ; clk_cpu      ; clk_cpu     ; 100.000      ; -0.079     ; 20.492     ;
; 79.423 ; sc_cpu:cpu|sc_datapath:datapath|pc_reg[2] ; sc_cpu:cpu|sc_datapath:datapath|sc_regfile:regfile|regs~210 ; clk_cpu      ; clk_cpu     ; 100.000      ; -0.089     ; 20.475     ;
; 79.423 ; sc_cpu:cpu|sc_datapath:datapath|pc_reg[2] ; sc_cpu:cpu|sc_datapath:datapath|sc_regfile:regfile|regs~466 ; clk_cpu      ; clk_cpu     ; 100.000      ; -0.089     ; 20.475     ;
; 79.427 ; sc_cpu:cpu|sc_datapath:datapath|pc_reg[3] ; sc_cpu:cpu|sc_datapath:datapath|sc_regfile:regfile|regs~914 ; clk_cpu      ; clk_cpu     ; 100.000      ; -0.121     ; 20.439     ;
; 79.428 ; sc_cpu:cpu|sc_datapath:datapath|pc_reg[9] ; sc_cpu:cpu|sc_datapath:datapath|sc_regfile:regfile|regs~178 ; clk_cpu      ; clk_cpu     ; 100.000      ; -0.106     ; 20.453     ;
; 79.429 ; sc_cpu:cpu|sc_datapath:datapath|pc_reg[9] ; sc_cpu:cpu|sc_datapath:datapath|sc_regfile:regfile|regs~50  ; clk_cpu      ; clk_cpu     ; 100.000      ; -0.099     ; 20.459     ;
; 79.429 ; sc_cpu:cpu|sc_datapath:datapath|pc_reg[5] ; sc_cpu:cpu|sc_datapath:datapath|sc_regfile:regfile|regs~626 ; clk_cpu      ; clk_cpu     ; 100.000      ; -0.108     ; 20.450     ;
; 79.429 ; sc_cpu:cpu|sc_datapath:datapath|pc_reg[5] ; sc_cpu:cpu|sc_datapath:datapath|sc_regfile:regfile|regs~882 ; clk_cpu      ; clk_cpu     ; 100.000      ; -0.108     ; 20.450     ;
; 79.430 ; sc_cpu:cpu|sc_datapath:datapath|pc_reg[9] ; sc_cpu:cpu|sc_datapath:datapath|sc_regfile:regfile|regs~114 ; clk_cpu      ; clk_cpu     ; 100.000      ; -0.099     ; 20.458     ;
+--------+-------------------------------------------+-------------------------------------------------------------+--------------+-------------+--------------+------------+------------+


+--------------------------------------------------------------------------------------------------------------------------------------------------------------------------------------------------------------------------------------------------+
; Fast 1200mV 0C Model Hold: 'clk_cpu'                                                                                                                                                                                                             ;
+-------+---------------------------------------------------------------------------------+----------------------------------------------------------------------------------+--------------+-------------+--------------+------------+------------+
; Slack ; From Node                                                                       ; To Node                                                                          ; Launch Clock ; Latch Clock ; Relationship ; Clock Skew ; Data Delay ;
+-------+---------------------------------------------------------------------------------+----------------------------------------------------------------------------------+--------------+-------------+--------------+------------+------------+
; 0.183 ; sc_cpu:cpu|sc_datapath:datapath|sc_mmio:mmio|sc_uart:uart_inst|tx_sr[7]         ; sc_cpu:cpu|sc_datapath:datapath|sc_mmio:mmio|sc_uart:uart_inst|tx_sr[7]          ; clk_cpu      ; clk_cpu     ; 0.000        ; 0.040      ; 0.307      ;
; 0.183 ; sc_cpu:cpu|sc_datapath:datapath|sc_mmio:mmio|rx_ready                           ; sc_cpu:cpu|sc_datapath:datapath|sc_mmio:mmio|rx_ready                            ; clk_cpu      ; clk_cpu     ; 0.000        ; 0.040      ; 0.307      ;
; 0.183 ; sc_cpu:cpu|sc_datapath:datapath|sc_mmio:mmio|tx_byte_idx[1]                     ; sc_cpu:cpu|sc_datapath:datapath|sc_mmio:mmio|tx_byte_idx[1]                      ; clk_cpu      ; clk_cpu     ; 0.000        ; 0.040      ; 0.307      ;
; 0.183 ; sc_cpu:cpu|sc_datapath:datapath|sc_mmio:mmio|tx_byte_idx[0]                     ; sc_cpu:cpu|sc_datapath:datapath|sc_mmio:mmio|tx_byte_idx[0]                      ; clk_cpu      ; clk_cpu     ; 0.000        ; 0.040      ; 0.307      ;
; 0.183 ; sc_cpu:cpu|sc_datapath:datapath|sc_mmio:mmio|sc_uart:uart_inst|tx_busy          ; sc_cpu:cpu|sc_datapath:datapath|sc_mmio:mmio|sc_uart:uart_inst|tx_busy           ; clk_cpu      ; clk_cpu     ; 0.000        ; 0.040      ; 0.307      ;
; 0.183 ; sc_cpu:cpu|sc_datapath:datapath|sc_mmio:mmio|sc_uart:uart_inst|tx_state.TX_IDLE ; sc_cpu:cpu|sc_datapath:datapath|sc_mmio:mmio|sc_uart:uart_inst|tx_state.TX_IDLE  ; clk_cpu      ; clk_cpu     ; 0.000        ; 0.040      ; 0.307      ;
; 0.183 ; sc_cpu:cpu|sc_datapath:datapath|sc_mmio:mmio|sc_uart:uart_inst|tx_bit_idx[1]    ; sc_cpu:cpu|sc_datapath:datapath|sc_mmio:mmio|sc_uart:uart_inst|tx_bit_idx[1]     ; clk_cpu      ; clk_cpu     ; 0.000        ; 0.040      ; 0.307      ;
; 0.183 ; sc_cpu:cpu|sc_datapath:datapath|sc_mmio:mmio|sc_uart:uart_inst|tx_bit_idx[2]    ; sc_cpu:cpu|sc_datapath:datapath|sc_mmio:mmio|sc_uart:uart_inst|tx_bit_idx[2]     ; clk_cpu      ; clk_cpu     ; 0.000        ; 0.040      ; 0.307      ;
; 0.183 ; sc_cpu:cpu|sc_datapath:datapath|sc_mmio:mmio|sc_uart:uart_inst|tx_state.TX_STOP ; sc_cpu:cpu|sc_datapath:datapath|sc_mmio:mmio|sc_uart:uart_inst|tx_state.TX_STOP  ; clk_cpu      ; clk_cpu     ; 0.000        ; 0.040      ; 0.307      ;
; 0.183 ; sc_cpu:cpu|sc_datapath:datapath|sc_mmio:mmio|sc_uart:uart_inst|rx_state.RX_STOP ; sc_cpu:cpu|sc_datapath:datapath|sc_mmio:mmio|sc_uart:uart_inst|rx_state.RX_STOP  ; clk_cpu      ; clk_cpu     ; 0.000        ; 0.040      ; 0.307      ;
; 0.183 ; sc_cpu:cpu|sc_datapath:datapath|sc_mmio:mmio|sc_uart:uart_inst|rx_state.RX_IDLE ; sc_cpu:cpu|sc_datapath:datapath|sc_mmio:mmio|sc_uart:uart_inst|rx_state.RX_IDLE  ; clk_cpu      ; clk_cpu     ; 0.000        ; 0.040      ; 0.307      ;
; 0.183 ; sc_cpu:cpu|sc_datapath:datapath|sc_mmio:mmio|sc_uart:uart_inst|rx_bit_idx[2]    ; sc_cpu:cpu|sc_datapath:datapath|sc_mmio:mmio|sc_uart:uart_inst|rx_bit_idx[2]     ; clk_cpu      ; clk_cpu     ; 0.000        ; 0.040      ; 0.307      ;
; 0.183 ; sc_cpu:cpu|sc_datapath:datapath|sc_mmio:mmio|sc_uart:uart_inst|rx_bit_idx[1]    ; sc_cpu:cpu|sc_datapath:datapath|sc_mmio:mmio|sc_uart:uart_inst|rx_bit_idx[1]     ; clk_cpu      ; clk_cpu     ; 0.000        ; 0.040      ; 0.307      ;
; 0.189 ; sc_cpu:cpu|sc_datapath:datapath|sc_mmio:mmio|sc_uart:uart_inst|rx_valid         ; sc_cpu:cpu|sc_datapath:datapath|sc_mmio:mmio|rx_ready                            ; clk_cpu      ; clk_cpu     ; 0.000        ; 0.040      ; 0.313      ;
; 0.190 ; sc_cpu:cpu|sc_datapath:datapath|sc_mmio:mmio|sc_uart:uart_inst|tx_bit_idx[0]    ; sc_cpu:cpu|sc_datapath:datapath|sc_mmio:mmio|sc_uart:uart_inst|tx_bit_idx[0]     ; clk_cpu      ; clk_cpu     ; 0.000        ; 0.040      ; 0.314      ;
; 0.190 ; sc_cpu:cpu|sc_datapath:datapath|sc_mmio:mmio|cycle_count[0]                     ; sc_cpu:cpu|sc_datapath:datapath|sc_mmio:mmio|cycle_count[0]                      ; clk_cpu      ; clk_cpu     ; 0.000        ; 0.040      ; 0.314      ;
; 0.190 ; sc_cpu:cpu|sc_datapath:datapath|sc_mmio:mmio|sc_uart:uart_inst|rx_bit_idx[0]    ; sc_cpu:cpu|sc_datapath:datapath|sc_mmio:mmio|sc_uart:uart_inst|rx_bit_idx[0]     ; clk_cpu      ; clk_cpu     ; 0.000        ; 0.040      ; 0.314      ;
; 0.194 ; sc_cpu:cpu|sc_datapath:datapath|sc_mmio:mmio|sc_uart:uart_inst|tx_bit_idx[1]    ; sc_cpu:cpu|sc_datapath:datapath|sc_mmio:mmio|sc_uart:uart_inst|tx_bit_idx[2]     ; clk_cpu      ; clk_cpu     ; 0.000        ; 0.040      ; 0.318      ;
; 0.202 ; sc_cpu:cpu|sc_datapath:datapath|sc_mmio:mmio|sc_uart:uart_inst|rx_state.RX_STOP ; sc_cpu:cpu|sc_datapath:datapath|sc_mmio:mmio|sc_uart:uart_inst|rx_valid          ; clk_cpu      ; clk_cpu     ; 0.000        ; 0.040      ; 0.326      ;
; 0.207 ; sc_cpu:cpu|sc_datapath:datapath|sc_mmio:mmio|sc_uart:uart_inst|rx_state.RX_IDLE ; sc_cpu:cpu|sc_datapath:datapath|sc_mmio:mmio|sc_uart:uart_inst|rx_state.RX_START ; clk_cpu      ; clk_cpu     ; 0.000        ; 0.040      ; 0.331      ;
; 0.210 ; sc_cpu:cpu|sc_datapath:datapath|pc_reg[31]                                      ; sc_cpu:cpu|sc_datapath:datapath|pc_reg[31]                                       ; clk_cpu      ; clk_cpu     ; 0.000        ; 0.042      ; 0.336      ;
; 0.221 ; sc_cpu:cpu|sc_datapath:datapath|sc_mmio:mmio|sc_uart:uart_inst|tx_state.TX_STOP ; sc_cpu:cpu|sc_datapath:datapath|sc_mmio:mmio|sc_uart:uart_inst|tx_state.TX_DATA  ; clk_cpu      ; clk_cpu     ; 0.000        ; 0.040      ; 0.345      ;
; 0.227 ; sc_cpu:cpu|sc_datapath:datapath|sc_mmio:mmio|sc_uart:uart_inst|tx_state.TX_IDLE ; sc_cpu:cpu|sc_datapath:datapath|sc_mmio:mmio|sc_uart:uart_inst|tx_busy           ; clk_cpu      ; clk_cpu     ; 0.000        ; 0.040      ; 0.351      ;
; 0.232 ; sc_cpu:cpu|sc_datapath:datapath|sc_mmio:mmio|sc_uart:uart_inst|tx_state.TX_DATA ; sc_cpu:cpu|sc_datapath:datapath|sc_mmio:mmio|sc_uart:uart_inst|TXD               ; clk_cpu      ; clk_cpu     ; 0.000        ; 0.040      ; 0.356      ;
; 0.263 ; sc_cpu:cpu|sc_datapath:datapath|sc_mmio:mmio|sc_uart:uart_inst|tx_sr[4]         ; sc_cpu:cpu|sc_datapath:datapath|sc_mmio:mmio|sc_uart:uart_inst|tx_sr[3]          ; clk_cpu      ; clk_cpu     ; 0.000        ; 0.040      ; 0.387      ;
; 0.264 ; sc_cpu:cpu|sc_datapath:datapath|sc_mmio:mmio|sc_uart:uart_inst|tx_sr[1]         ; sc_cpu:cpu|sc_datapath:datapath|sc_mmio:mmio|sc_uart:uart_inst|tx_sr[0]          ; clk_cpu      ; clk_cpu     ; 0.000        ; 0.040      ; 0.388      ;
; 0.264 ; sc_cpu:cpu|sc_datapath:datapath|sc_mmio:mmio|sc_uart:uart_inst|tx_sr[5]         ; sc_cpu:cpu|sc_datapath:datapath|sc_mmio:mmio|sc_uart:uart_inst|tx_sr[4]          ; clk_cpu      ; clk_cpu     ; 0.000        ; 0.040      ; 0.388      ;
; 0.264 ; sc_cpu:cpu|sc_datapath:datapath|sc_mmio:mmio|sc_uart:uart_inst|rx_sr[0]         ; sc_cpu:cpu|sc_datapath:datapath|sc_mmio:mmio|sc_uart:uart_inst|rx_data[0]        ; clk_cpu      ; clk_cpu     ; 0.000        ; 0.039      ; 0.387      ;
; 0.265 ; sc_cpu:cpu|sc_datapath:datapath|sc_mmio:mmio|sc_uart:uart_inst|tx_sr[2]         ; sc_cpu:cpu|sc_datapath:datapath|sc_mmio:mmio|sc_uart:uart_inst|tx_sr[1]          ; clk_cpu      ; clk_cpu     ; 0.000        ; 0.040      ; 0.389      ;
; 0.265 ; sc_cpu:cpu|sc_datapath:datapath|sc_mmio:mmio|sc_uart:uart_inst|tx_sr[6]         ; sc_cpu:cpu|sc_datapath:datapath|sc_mmio:mmio|sc_uart:uart_inst|tx_sr[5]          ; clk_cpu      ; clk_cpu     ; 0.000        ; 0.040      ; 0.389      ;
; 0.267 ; sc_cpu:cpu|sc_datapath:datapath|sc_mmio:mmio|sc_uart:uart_inst|rx_sr[4]         ; sc_cpu:cpu|sc_datapath:datapath|sc_mmio:mmio|sc_uart:uart_inst|rx_data[4]        ; clk_cpu      ; clk_cpu     ; 0.000        ; 0.040      ; 0.391      ;
; 0.267 ; sc_cpu:cpu|sc_datapath:datapath|sc_mmio:mmio|sc_uart:uart_inst|rx_sr[6]         ; sc_cpu:cpu|sc_datapath:datapath|sc_mmio:mmio|sc_uart:uart_inst|rx_sr[5]          ; clk_cpu      ; clk_cpu     ; 0.000        ; 0.040      ; 0.391      ;
; 0.268 ; sc_cpu:cpu|sc_datapath:datapath|sc_mmio:mmio|sc_uart:uart_inst|rx_sr[4]         ; sc_cpu:cpu|sc_datapath:datapath|sc_mmio:mmio|sc_uart:uart_inst|rx_sr[3]          ; clk_cpu      ; clk_cpu     ; 0.000        ; 0.040      ; 0.392      ;
; 0.268 ; sc_cpu:cpu|sc_datapath:datapath|sc_mmio:mmio|sc_uart:uart_inst|rx_sr[5]         ; sc_cpu:cpu|sc_datapath:datapath|sc_mmio:mmio|sc_uart:uart_inst|rx_data[5]        ; clk_cpu      ; clk_cpu     ; 0.000        ; 0.040      ; 0.392      ;
; 0.268 ; sc_cpu:cpu|sc_datapath:datapath|sc_mmio:mmio|sc_uart:uart_inst|rx_sr[6]         ; sc_cpu:cpu|sc_datapath:datapath|sc_mmio:mmio|sc_uart:uart_inst|rx_data[6]        ; clk_cpu      ; clk_cpu     ; 0.000        ; 0.040      ; 0.392      ;
; 0.269 ; sc_cpu:cpu|sc_datapath:datapath|sc_mmio:mmio|sc_uart:uart_inst|rx_sr[7]         ; sc_cpu:cpu|sc_datapath:datapath|sc_mmio:mmio|sc_uart:uart_inst|rx_data[7]        ; clk_cpu      ; clk_cpu     ; 0.000        ; 0.040      ; 0.393      ;
; 0.269 ; sc_cpu:cpu|sc_datapath:datapath|sc_mmio:mmio|sc_uart:uart_inst|rx_sr[7]         ; sc_cpu:cpu|sc_datapath:datapath|sc_mmio:mmio|sc_uart:uart_inst|rx_sr[6]          ; clk_cpu      ; clk_cpu     ; 0.000        ; 0.040      ; 0.393      ;
; 0.270 ; sc_cpu:cpu|sc_datapath:datapath|sc_mmio:mmio|sc_uart:uart_inst|rx_sr[5]         ; sc_cpu:cpu|sc_datapath:datapath|sc_mmio:mmio|sc_uart:uart_inst|rx_sr[4]          ; clk_cpu      ; clk_cpu     ; 0.000        ; 0.040      ; 0.394      ;
; 0.271 ; sc_cpu:cpu|sc_datapath:datapath|sc_mmio:mmio|sc_uart:uart_inst|rx_sr[1]         ; sc_cpu:cpu|sc_datapath:datapath|sc_mmio:mmio|sc_uart:uart_inst|rx_sr[0]          ; clk_cpu      ; clk_cpu     ; 0.000        ; 0.039      ; 0.394      ;
; 0.271 ; sc_cpu:cpu|sc_datapath:datapath|sc_mmio:mmio|sc_uart:uart_inst|rx_sr[1]         ; sc_cpu:cpu|sc_datapath:datapath|sc_mmio:mmio|sc_uart:uart_inst|rx_data[1]        ; clk_cpu      ; clk_cpu     ; 0.000        ; 0.039      ; 0.394      ;
; 0.271 ; sc_cpu:cpu|sc_datapath:datapath|sc_mmio:mmio|sc_uart:uart_inst|rx_sr[2]         ; sc_cpu:cpu|sc_datapath:datapath|sc_mmio:mmio|sc_uart:uart_inst|rx_sr[1]          ; clk_cpu      ; clk_cpu     ; 0.000        ; 0.039      ; 0.394      ;
; 0.273 ; sc_cpu:cpu|sc_datapath:datapath|sc_mmio:mmio|sc_uart:uart_inst|rx_sr[2]         ; sc_cpu:cpu|sc_datapath:datapath|sc_mmio:mmio|sc_uart:uart_inst|rx_data[2]        ; clk_cpu      ; clk_cpu     ; 0.000        ; 0.039      ; 0.396      ;
; 0.275 ; sc_cpu:cpu|sc_datapath:datapath|sc_mmio:mmio|sc_uart:uart_inst|rxd_q            ; sc_cpu:cpu|sc_datapath:datapath|sc_mmio:mmio|sc_uart:uart_inst|rx_sr[7]          ; clk_cpu      ; clk_cpu     ; 0.000        ; 0.042      ; 0.401      ;
; 0.295 ; sc_cpu:cpu|sc_datapath:datapath|sc_mmio:mmio|sc_uart:uart_inst|rx_bit_idx[1]    ; sc_cpu:cpu|sc_datapath:datapath|sc_mmio:mmio|sc_uart:uart_inst|rx_bit_idx[2]     ; clk_cpu      ; clk_cpu     ; 0.000        ; 0.040      ; 0.419      ;
; 0.298 ; sc_cpu:cpu|sc_datapath:datapath|pc_reg[16]                                      ; sc_cpu:cpu|sc_datapath:datapath|pc_reg[16]                                       ; clk_cpu      ; clk_cpu     ; 0.000        ; 0.042      ; 0.424      ;
; 0.298 ; sc_cpu:cpu|sc_datapath:datapath|pc_reg[7]                                       ; sc_cpu:cpu|sc_datapath:datapath|pc_reg[7]                                        ; clk_cpu      ; clk_cpu     ; 0.000        ; 0.042      ; 0.424      ;
; 0.299 ; sc_cpu:cpu|sc_datapath:datapath|pc_reg[17]                                      ; sc_cpu:cpu|sc_datapath:datapath|pc_reg[17]                                       ; clk_cpu      ; clk_cpu     ; 0.000        ; 0.042      ; 0.425      ;
; 0.299 ; sc_cpu:cpu|sc_datapath:datapath|pc_reg[15]                                      ; sc_cpu:cpu|sc_datapath:datapath|pc_reg[15]                                       ; clk_cpu      ; clk_cpu     ; 0.000        ; 0.042      ; 0.425      ;
; 0.299 ; sc_cpu:cpu|sc_datapath:datapath|pc_reg[14]                                      ; sc_cpu:cpu|sc_datapath:datapath|pc_reg[14]                                       ; clk_cpu      ; clk_cpu     ; 0.000        ; 0.042      ; 0.425      ;
; 0.299 ; sc_cpu:cpu|sc_datapath:datapath|pc_reg[6]                                       ; sc_cpu:cpu|sc_datapath:datapath|pc_reg[6]                                        ; clk_cpu      ; clk_cpu     ; 0.000        ; 0.042      ; 0.425      ;
; 0.299 ; sc_cpu:cpu|sc_datapath:datapath|pc_reg[3]                                       ; sc_cpu:cpu|sc_datapath:datapath|pc_reg[3]                                        ; clk_cpu      ; clk_cpu     ; 0.000        ; 0.042      ; 0.425      ;
; 0.299 ; sc_cpu:cpu|sc_datapath:datapath|pc_reg[4]                                       ; sc_cpu:cpu|sc_datapath:datapath|pc_reg[4]                                        ; clk_cpu      ; clk_cpu     ; 0.000        ; 0.042      ; 0.425      ;
; 0.300 ; sc_cpu:cpu|sc_datapath:datapath|pc_reg[30]                                      ; sc_cpu:cpu|sc_datapath:datapath|pc_reg[30]                                       ; clk_cpu      ; clk_cpu     ; 0.000        ; 0.042      ; 0.426      ;
; 0.300 ; sc_cpu:cpu|sc_datapath:datapath|pc_reg[25]                                      ; sc_cpu:cpu|sc_datapath:datapath|pc_reg[25]                                       ; clk_cpu      ; clk_cpu     ; 0.000        ; 0.042      ; 0.426      ;
; 0.300 ; sc_cpu:cpu|sc_datapath:datapath|pc_reg[22]                                      ; sc_cpu:cpu|sc_datapath:datapath|pc_reg[22]                                       ; clk_cpu      ; clk_cpu     ; 0.000        ; 0.042      ; 0.426      ;
; 0.300 ; sc_cpu:cpu|sc_datapath:datapath|pc_reg[21]                                      ; sc_cpu:cpu|sc_datapath:datapath|pc_reg[21]                                       ; clk_cpu      ; clk_cpu     ; 0.000        ; 0.042      ; 0.426      ;
; 0.300 ; sc_cpu:cpu|sc_datapath:datapath|pc_reg[20]                                      ; sc_cpu:cpu|sc_datapath:datapath|pc_reg[20]                                       ; clk_cpu      ; clk_cpu     ; 0.000        ; 0.042      ; 0.426      ;
; 0.300 ; sc_cpu:cpu|sc_datapath:datapath|pc_reg[19]                                      ; sc_cpu:cpu|sc_datapath:datapath|pc_reg[19]                                       ; clk_cpu      ; clk_cpu     ; 0.000        ; 0.042      ; 0.426      ;
; 0.300 ; sc_cpu:cpu|sc_datapath:datapath|pc_reg[18]                                      ; sc_cpu:cpu|sc_datapath:datapath|pc_reg[18]                                       ; clk_cpu      ; clk_cpu     ; 0.000        ; 0.042      ; 0.426      ;
; 0.300 ; sc_cpu:cpu|sc_datapath:datapath|pc_reg[12]                                      ; sc_cpu:cpu|sc_datapath:datapath|pc_reg[12]                                       ; clk_cpu      ; clk_cpu     ; 0.000        ; 0.042      ; 0.426      ;
; 0.300 ; sc_cpu:cpu|sc_datapath:datapath|pc_reg[11]                                      ; sc_cpu:cpu|sc_datapath:datapath|pc_reg[11]                                       ; clk_cpu      ; clk_cpu     ; 0.000        ; 0.042      ; 0.426      ;
; 0.300 ; sc_cpu:cpu|sc_datapath:datapath|sc_mmio:mmio|cycle_count[15]                    ; sc_cpu:cpu|sc_datapath:datapath|sc_mmio:mmio|cycle_count[15]                     ; clk_cpu      ; clk_cpu     ; 0.000        ; 0.040      ; 0.424      ;
; 0.300 ; sc_cpu:cpu|sc_datapath:datapath|sc_mmio:mmio|sc_uart:uart_inst|tx_cnt[15]       ; sc_cpu:cpu|sc_datapath:datapath|sc_mmio:mmio|sc_uart:uart_inst|tx_cnt[15]        ; clk_cpu      ; clk_cpu     ; 0.000        ; 0.040      ; 0.424      ;
; 0.300 ; sc_cpu:cpu|sc_datapath:datapath|sc_mmio:mmio|cycle_count[6]                     ; sc_cpu:cpu|sc_datapath:datapath|sc_mmio:mmio|cycle_count[6]                      ; clk_cpu      ; clk_cpu     ; 0.000        ; 0.040      ; 0.424      ;
; 0.300 ; sc_cpu:cpu|sc_datapath:datapath|sc_mmio:mmio|sc_uart:uart_inst|rx_cnt[15]       ; sc_cpu:cpu|sc_datapath:datapath|sc_mmio:mmio|sc_uart:uart_inst|rx_cnt[15]        ; clk_cpu      ; clk_cpu     ; 0.000        ; 0.040      ; 0.424      ;
; 0.300 ; sc_cpu:cpu|sc_datapath:datapath|sc_mmio:mmio|sc_uart:uart_inst|tx_bit_idx[0]    ; sc_cpu:cpu|sc_datapath:datapath|sc_mmio:mmio|sc_uart:uart_inst|tx_bit_idx[2]     ; clk_cpu      ; clk_cpu     ; 0.000        ; 0.040      ; 0.424      ;
; 0.301 ; sc_cpu:cpu|sc_datapath:datapath|pc_reg[29]                                      ; sc_cpu:cpu|sc_datapath:datapath|pc_reg[29]                                       ; clk_cpu      ; clk_cpu     ; 0.000        ; 0.042      ; 0.427      ;
; 0.301 ; sc_cpu:cpu|sc_datapath:datapath|pc_reg[27]                                      ; sc_cpu:cpu|sc_datapath:datapath|pc_reg[27]                                       ; clk_cpu      ; clk_cpu     ; 0.000        ; 0.042      ; 0.427      ;
; 0.301 ; sc_cpu:cpu|sc_datapath:datapath|pc_reg[26]                                      ; sc_cpu:cpu|sc_datapath:datapath|pc_reg[26]                                       ; clk_cpu      ; clk_cpu     ; 0.000        ; 0.042      ; 0.427      ;
; 0.301 ; sc_cpu:cpu|sc_datapath:datapath|pc_reg[10]                                      ; sc_cpu:cpu|sc_datapath:datapath|pc_reg[10]                                       ; clk_cpu      ; clk_cpu     ; 0.000        ; 0.042      ; 0.427      ;
; 0.301 ; sc_cpu:cpu|sc_datapath:datapath|sc_mmio:mmio|cycle_count[14]                    ; sc_cpu:cpu|sc_datapath:datapath|sc_mmio:mmio|cycle_count[14]                     ; clk_cpu      ; clk_cpu     ; 0.000        ; 0.040      ; 0.425      ;
; 0.301 ; sc_cpu:cpu|sc_datapath:datapath|sc_mmio:mmio|cycle_count[13]                    ; sc_cpu:cpu|sc_datapath:datapath|sc_mmio:mmio|cycle_count[13]                     ; clk_cpu      ; clk_cpu     ; 0.000        ; 0.040      ; 0.425      ;
; 0.301 ; sc_cpu:cpu|sc_datapath:datapath|sc_mmio:mmio|sc_uart:uart_inst|tx_cnt[1]        ; sc_cpu:cpu|sc_datapath:datapath|sc_mmio:mmio|sc_uart:uart_inst|tx_cnt[1]         ; clk_cpu      ; clk_cpu     ; 0.000        ; 0.040      ; 0.425      ;
; 0.301 ; sc_cpu:cpu|sc_datapath:datapath|sc_mmio:mmio|sc_uart:uart_inst|tx_cnt[3]        ; sc_cpu:cpu|sc_datapath:datapath|sc_mmio:mmio|sc_uart:uart_inst|tx_cnt[3]         ; clk_cpu      ; clk_cpu     ; 0.000        ; 0.040      ; 0.425      ;
; 0.301 ; sc_cpu:cpu|sc_datapath:datapath|sc_mmio:mmio|sc_uart:uart_inst|tx_cnt[5]        ; sc_cpu:cpu|sc_datapath:datapath|sc_mmio:mmio|sc_uart:uart_inst|tx_cnt[5]         ; clk_cpu      ; clk_cpu     ; 0.000        ; 0.040      ; 0.425      ;
; 0.301 ; sc_cpu:cpu|sc_datapath:datapath|sc_mmio:mmio|sc_uart:uart_inst|tx_cnt[11]       ; sc_cpu:cpu|sc_datapath:datapath|sc_mmio:mmio|sc_uart:uart_inst|tx_cnt[11]        ; clk_cpu      ; clk_cpu     ; 0.000        ; 0.040      ; 0.425      ;
; 0.301 ; sc_cpu:cpu|sc_datapath:datapath|sc_mmio:mmio|sc_uart:uart_inst|tx_cnt[13]       ; sc_cpu:cpu|sc_datapath:datapath|sc_mmio:mmio|sc_uart:uart_inst|tx_cnt[13]        ; clk_cpu      ; clk_cpu     ; 0.000        ; 0.040      ; 0.425      ;
; 0.301 ; sc_cpu:cpu|sc_datapath:datapath|sc_mmio:mmio|cycle_count[8]                     ; sc_cpu:cpu|sc_datapath:datapath|sc_mmio:mmio|cycle_count[8]                      ; clk_cpu      ; clk_cpu     ; 0.000        ; 0.040      ; 0.425      ;
; 0.301 ; sc_cpu:cpu|sc_datapath:datapath|sc_mmio:mmio|cycle_count[5]                     ; sc_cpu:cpu|sc_datapath:datapath|sc_mmio:mmio|cycle_count[5]                      ; clk_cpu      ; clk_cpu     ; 0.000        ; 0.040      ; 0.425      ;
; 0.301 ; sc_cpu:cpu|sc_datapath:datapath|sc_mmio:mmio|cycle_count[3]                     ; sc_cpu:cpu|sc_datapath:datapath|sc_mmio:mmio|cycle_count[3]                      ; clk_cpu      ; clk_cpu     ; 0.000        ; 0.040      ; 0.425      ;
; 0.301 ; sc_cpu:cpu|sc_datapath:datapath|sc_mmio:mmio|cycle_count[2]                     ; sc_cpu:cpu|sc_datapath:datapath|sc_mmio:mmio|cycle_count[2]                      ; clk_cpu      ; clk_cpu     ; 0.000        ; 0.040      ; 0.425      ;
; 0.301 ; sc_cpu:cpu|sc_datapath:datapath|sc_mmio:mmio|sc_uart:uart_inst|rx_cnt[3]        ; sc_cpu:cpu|sc_datapath:datapath|sc_mmio:mmio|sc_uart:uart_inst|rx_cnt[3]         ; clk_cpu      ; clk_cpu     ; 0.000        ; 0.040      ; 0.425      ;
; 0.301 ; sc_cpu:cpu|sc_datapath:datapath|sc_mmio:mmio|sc_uart:uart_inst|rx_cnt[5]        ; sc_cpu:cpu|sc_datapath:datapath|sc_mmio:mmio|sc_uart:uart_inst|rx_cnt[5]         ; clk_cpu      ; clk_cpu     ; 0.000        ; 0.040      ; 0.425      ;
; 0.301 ; sc_cpu:cpu|sc_datapath:datapath|sc_mmio:mmio|sc_uart:uart_inst|rx_cnt[11]       ; sc_cpu:cpu|sc_datapath:datapath|sc_mmio:mmio|sc_uart:uart_inst|rx_cnt[11]        ; clk_cpu      ; clk_cpu     ; 0.000        ; 0.040      ; 0.425      ;
; 0.301 ; sc_cpu:cpu|sc_datapath:datapath|sc_mmio:mmio|sc_uart:uart_inst|rx_cnt[13]       ; sc_cpu:cpu|sc_datapath:datapath|sc_mmio:mmio|sc_uart:uart_inst|rx_cnt[13]        ; clk_cpu      ; clk_cpu     ; 0.000        ; 0.040      ; 0.425      ;
; 0.301 ; sc_cpu:cpu|sc_datapath:datapath|sc_mmio:mmio|sc_uart:uart_inst|rx_cnt[1]        ; sc_cpu:cpu|sc_datapath:datapath|sc_mmio:mmio|sc_uart:uart_inst|rx_cnt[1]         ; clk_cpu      ; clk_cpu     ; 0.000        ; 0.040      ; 0.425      ;
; 0.302 ; sc_cpu:cpu|sc_datapath:datapath|sc_mmio:mmio|cycle_count[31]                    ; sc_cpu:cpu|sc_datapath:datapath|sc_mmio:mmio|cycle_count[31]                     ; clk_cpu      ; clk_cpu     ; 0.000        ; 0.039      ; 0.425      ;
; 0.302 ; sc_cpu:cpu|sc_datapath:datapath|sc_mmio:mmio|cycle_count[22]                    ; sc_cpu:cpu|sc_datapath:datapath|sc_mmio:mmio|cycle_count[22]                     ; clk_cpu      ; clk_cpu     ; 0.000        ; 0.039      ; 0.425      ;
; 0.302 ; sc_cpu:cpu|sc_datapath:datapath|sc_mmio:mmio|cycle_count[16]                    ; sc_cpu:cpu|sc_datapath:datapath|sc_mmio:mmio|cycle_count[16]                     ; clk_cpu      ; clk_cpu     ; 0.000        ; 0.039      ; 0.425      ;
; 0.302 ; sc_cpu:cpu|sc_datapath:datapath|sc_mmio:mmio|cycle_count[12]                    ; sc_cpu:cpu|sc_datapath:datapath|sc_mmio:mmio|cycle_count[12]                     ; clk_cpu      ; clk_cpu     ; 0.000        ; 0.040      ; 0.426      ;
; 0.302 ; sc_cpu:cpu|sc_datapath:datapath|sc_mmio:mmio|cycle_count[11]                    ; sc_cpu:cpu|sc_datapath:datapath|sc_mmio:mmio|cycle_count[11]                     ; clk_cpu      ; clk_cpu     ; 0.000        ; 0.040      ; 0.426      ;
; 0.302 ; sc_cpu:cpu|sc_datapath:datapath|sc_mmio:mmio|cycle_count[10]                    ; sc_cpu:cpu|sc_datapath:datapath|sc_mmio:mmio|cycle_count[10]                     ; clk_cpu      ; clk_cpu     ; 0.000        ; 0.040      ; 0.426      ;
; 0.302 ; sc_cpu:cpu|sc_datapath:datapath|sc_mmio:mmio|sc_uart:uart_inst|tx_cnt[6]        ; sc_cpu:cpu|sc_datapath:datapath|sc_mmio:mmio|sc_uart:uart_inst|tx_cnt[6]         ; clk_cpu      ; clk_cpu     ; 0.000        ; 0.040      ; 0.426      ;
; 0.302 ; sc_cpu:cpu|sc_datapath:datapath|sc_mmio:mmio|sc_uart:uart_inst|tx_cnt[7]        ; sc_cpu:cpu|sc_datapath:datapath|sc_mmio:mmio|sc_uart:uart_inst|tx_cnt[7]         ; clk_cpu      ; clk_cpu     ; 0.000        ; 0.040      ; 0.426      ;
; 0.302 ; sc_cpu:cpu|sc_datapath:datapath|sc_mmio:mmio|sc_uart:uart_inst|tx_cnt[9]        ; sc_cpu:cpu|sc_datapath:datapath|sc_mmio:mmio|sc_uart:uart_inst|tx_cnt[9]         ; clk_cpu      ; clk_cpu     ; 0.000        ; 0.040      ; 0.426      ;
; 0.302 ; sc_cpu:cpu|sc_datapath:datapath|sc_mmio:mmio|cycle_count[7]                     ; sc_cpu:cpu|sc_datapath:datapath|sc_mmio:mmio|cycle_count[7]                      ; clk_cpu      ; clk_cpu     ; 0.000        ; 0.040      ; 0.426      ;
; 0.302 ; sc_cpu:cpu|sc_datapath:datapath|sc_mmio:mmio|sc_uart:uart_inst|rx_cnt[9]        ; sc_cpu:cpu|sc_datapath:datapath|sc_mmio:mmio|sc_uart:uart_inst|rx_cnt[9]         ; clk_cpu      ; clk_cpu     ; 0.000        ; 0.040      ; 0.426      ;
; 0.302 ; sc_cpu:cpu|sc_datapath:datapath|sc_mmio:mmio|sc_uart:uart_inst|rx_cnt[6]        ; sc_cpu:cpu|sc_datapath:datapath|sc_mmio:mmio|sc_uart:uart_inst|rx_cnt[6]         ; clk_cpu      ; clk_cpu     ; 0.000        ; 0.040      ; 0.426      ;
; 0.302 ; sc_cpu:cpu|sc_datapath:datapath|sc_mmio:mmio|sc_uart:uart_inst|rx_cnt[7]        ; sc_cpu:cpu|sc_datapath:datapath|sc_mmio:mmio|sc_uart:uart_inst|rx_cnt[7]         ; clk_cpu      ; clk_cpu     ; 0.000        ; 0.040      ; 0.426      ;
; 0.302 ; sc_cpu:cpu|sc_datapath:datapath|sc_mmio:mmio|sc_uart:uart_inst|tx_bit_idx[0]    ; sc_cpu:cpu|sc_datapath:datapath|sc_mmio:mmio|sc_uart:uart_inst|tx_bit_idx[1]     ; clk_cpu      ; clk_cpu     ; 0.000        ; 0.040      ; 0.426      ;
+-------+---------------------------------------------------------------------------------+----------------------------------------------------------------------------------+--------------+-------------+--------------+------------+------------+


----------------------------------------------
; Fast 1200mV 0C Model Metastability Summary ;
----------------------------------------------
The design MTBF is not calculated because there are no specified synchronizers in the design.
Number of Synchronizer Chains Found: 1
Shortest Synchronizer Chain: 2 Registers
Fraction of Chains for which MTBFs Could Not be Calculated: 1.000
Worst Case Available Settling Time: 196.206 ns




+------------------------------------------------------------------------------+
; Multicorner Timing Analysis Summary                                          ;
+------------------+--------+-------+----------+---------+---------------------+
; Clock            ; Setup  ; Hold  ; Recovery ; Removal ; Minimum Pulse Width ;
+------------------+--------+-------+----------+---------+---------------------+
; Worst-case Slack ; 59.787 ; 0.183 ; N/A      ; N/A     ; 9.574               ;
;  clk             ; N/A    ; N/A   ; N/A      ; N/A     ; 9.574               ;
;  clk_cpu         ; 59.787 ; 0.183 ; N/A      ; N/A     ; 49.705              ;
; Design-wide TNS  ; 0.0    ; 0.0   ; 0.0      ; 0.0     ; 0.0                 ;
;  clk             ; N/A    ; N/A   ; N/A      ; N/A     ; 0.000               ;
;  clk_cpu         ; 0.000  ; 0.000 ; N/A      ; N/A     ; 0.000               ;
+------------------+--------+-------+----------+---------+---------------------+


+------------------------------------------------------------------------------------------------------------------------------------------------------------------------------------------------------------------------------------------------------------------------------------------------------------------------------------------------------------------------------------------------------------------+
; Board Trace Model Assignments                                                                                                                                                                                                                                                                                                                                                                                    ;
+---------------+--------------+-------------------+-------------------------+-------------------------+---------------+---------------------+----------------+------------------+--------+------------------+------------------------+------------------------+--------------+---------------+-----------------+-------+---------------------+--------------------+---------------+-----------------+-------------+
; Pin           ; I/O Standard ; Near Tline Length ; Near Tline L per Length ; Near Tline C per Length ; Near Series R ; Near Differential R ; Near Pull-up R ; Near Pull-down R ; Near C ; Far Tline Length ; Far Tline L per Length ; Far Tline C per Length ; Far Series R ; Far Pull-up R ; Far Pull-down R ; Far C ; Termination Voltage ; Far Differential R ; EBD File Name ; EBD Signal Name ; EBD Far-end ;
+---------------+--------------+-------------------+-------------------------+-------------------------+---------------+---------------------+----------------+------------------+--------+------------------+------------------------+------------------------+--------------+---------------+-----------------+-------+---------------------+--------------------+---------------+-----------------+-------------+
; PC[0]         ; 2.5 V        ; 0 in              ; 0 H/in                  ; 0 F/in                  ; short         ; -                   ; open           ; open             ; open   ; 0 in             ; 0 H/in                 ; 0 F/in                 ; short        ; open          ; open            ; open  ; 0 V                 ; -                  ; n/a           ; n/a             ; n/a         ;
; PC[1]         ; 2.5 V        ; 0 in              ; 0 H/in                  ; 0 F/in                  ; short         ; -                   ; open           ; open             ; open   ; 0 in             ; 0 H/in                 ; 0 F/in                 ; short        ; open          ; open            ; open  ; 0 V                 ; -                  ; n/a           ; n/a             ; n/a         ;
; PC[2]         ; 2.5 V        ; 0 in              ; 0 H/in                  ; 0 F/in                  ; short         ; -                   ; open           ; open             ; open   ; 0 in             ; 0 H/in                 ; 0 F/in                 ; short        ; open          ; open            ; open  ; 0 V                 ; -                  ; n/a           ; n/a             ; n/a         ;
; PC[3]         ; 2.5 V        ; 0 in              ; 0 H/in                  ; 0 F/in                  ; short         ; -                   ; open           ; open             ; open   ; 0 in             ; 0 H/in                 ; 0 F/in                 ; short        ; open          ; open            ; open  ; 0 V                 ; -                  ; n/a           ; n/a             ; n/a         ;
; PC[4]         ; 2.5 V        ; 0 in              ; 0 H/in                  ; 0 F/in                  ; short         ; -                   ; open           ; open             ; open   ; 0 in             ; 0 H/in                 ; 0 F/in                 ; short        ; open          ; open            ; open  ; 0 V                 ; -                  ; n/a           ; n/a             ; n/a         ;
; PC[5]         ; 2.5 V        ; 0 in              ; 0 H/in                  ; 0 F/in                  ; short         ; -                   ; open           ; open             ; open   ; 0 in             ; 0 H/in                 ; 0 F/in                 ; short        ; open          ; open            ; open  ; 0 V                 ; -                  ; n/a           ; n/a             ; n/a         ;
; PC[6]         ; 2.5 V        ; 0 in              ; 0 H/in                  ; 0 F/in                  ; short         ; -                   ; open           ; open             ; open   ; 0 in             ; 0 H/in                 ; 0 F/in                 ; short        ; open          ; open            ; open  ; 0 V                 ; -                  ; n/a           ; n/a             ; n/a         ;
; PC[7]         ; 2.5 V        ; 0 in              ; 0 H/in                  ; 0 F/in                  ; short         ; -                   ; open           ; open             ; open   ; 0 in             ; 0 H/in                 ; 0 F/in                 ; short        ; open          ; open            ; open  ; 0 V                 ; -                  ; n/a           ; n/a             ; n/a         ;
; PC[8]         ; 2.5 V        ; 0 in              ; 0 H/in                  ; 0 F/in                  ; short         ; -                   ; open           ; open             ; open   ; 0 in             ; 0 H/in                 ; 0 F/in                 ; short        ; open          ; open            ; open  ; 0 V                 ; -                  ; n/a           ; n/a             ; n/a         ;
; PC[9]         ; 2.5 V        ; 0 in              ; 0 H/in                  ; 0 F/in                  ; short         ; -                   ; open           ; open             ; open   ; 0 in             ; 0 H/in                 ; 0 F/in                 ; short        ; open          ; open            ; open  ; 0 V                 ; -                  ; n/a           ; n/a             ; n/a         ;
; PC[10]        ; 2.5 V        ; 0 in              ; 0 H/in                  ; 0 F/in                  ; short         ; -                   ; open           ; open             ; open   ; 0 in             ; 0 H/in                 ; 0 F/in                 ; short        ; open          ; open            ; open  ; 0 V                 ; -                  ; n/a           ; n/a             ; n/a         ;
; PC[11]        ; 2.5 V        ; 0 in              ; 0 H/in                  ; 0 F/in                  ; short         ; -                   ; open           ; open             ; open   ; 0 in             ; 0 H/in                 ; 0 F/in                 ; short        ; open          ; open            ; open  ; 0 V                 ; -                  ; n/a           ; n/a             ; n/a         ;
; PC[12]        ; 2.5 V        ; 0 in              ; 0 H/in                  ; 0 F/in                  ; short         ; -                   ; open           ; open             ; open   ; 0 in             ; 0 H/in                 ; 0 F/in                 ; short        ; open          ; open            ; open  ; 0 V                 ; -                  ; n/a           ; n/a             ; n/a         ;
; PC[13]        ; 2.5 V        ; 0 in              ; 0 H/in                  ; 0 F/in                  ; short         ; -                   ; open           ; open             ; open   ; 0 in             ; 0 H/in                 ; 0 F/in                 ; short        ; open          ; open            ; open  ; 0 V                 ; -                  ; n/a           ; n/a             ; n/a         ;
; PC[14]        ; 2.5 V        ; 0 in              ; 0 H/in                  ; 0 F/in                  ; short         ; -                   ; open           ; open             ; open   ; 0 in             ; 0 H/in                 ; 0 F/in                 ; short        ; open          ; open            ; open  ; 0 V                 ; -                  ; n/a           ; n/a             ; n/a         ;
; PC[15]        ; 2.5 V        ; 0 in              ; 0 H/in                  ; 0 F/in                  ; short         ; -                   ; open           ; open             ; open   ; 0 in             ; 0 H/in                 ; 0 F/in                 ; short        ; open          ; open            ; open  ; 0 V                 ; -                  ; n/a           ; n/a             ; n/a         ;
; PC[16]        ; 2.5 V        ; 0 in              ; 0 H/in                  ; 0 F/in                  ; short         ; -                   ; open           ; open             ; open   ; 0 in             ; 0 H/in                 ; 0 F/in                 ; short        ; open          ; open            ; open  ; 0 V                 ; -                  ; n/a           ; n/a             ; n/a         ;
; PC[17]        ; 2.5 V        ; 0 in              ; 0 H/in                  ; 0 F/in                  ; short         ; -                   ; open           ; open             ; open   ; 0 in             ; 0 H/in                 ; 0 F/in                 ; short        ; open          ; open            ; open  ; 0 V                 ; -                  ; n/a           ; n/a             ; n/a         ;
; PC[18]        ; 2.5 V        ; 0 in              ; 0 H/in                  ; 0 F/in                  ; short         ; -                   ; open           ; open             ; open   ; 0 in             ; 0 H/in                 ; 0 F/in                 ; short        ; open          ; open            ; open  ; 0 V                 ; -                  ; n/a           ; n/a             ; n/a         ;
; PC[19]        ; 2.5 V        ; 0 in              ; 0 H/in                  ; 0 F/in                  ; short         ; -                   ; open           ; open             ; open   ; 0 in             ; 0 H/in                 ; 0 F/in                 ; short        ; open          ; open            ; open  ; 0 V                 ; -                  ; n/a           ; n/a             ; n/a         ;
; PC[20]        ; 2.5 V        ; 0 in              ; 0 H/in                  ; 0 F/in                  ; short         ; -                   ; open           ; open             ; open   ; 0 in             ; 0 H/in                 ; 0 F/in                 ; short        ; open          ; open            ; open  ; 0 V                 ; -                  ; n/a           ; n/a             ; n/a         ;
; PC[21]        ; 2.5 V        ; 0 in              ; 0 H/in                  ; 0 F/in                  ; short         ; -                   ; open           ; open             ; open   ; 0 in             ; 0 H/in                 ; 0 F/in                 ; short        ; open          ; open            ; open  ; 0 V                 ; -                  ; n/a           ; n/a             ; n/a         ;
; PC[22]        ; 2.5 V        ; 0 in              ; 0 H/in                  ; 0 F/in                  ; short         ; -                   ; open           ; open             ; open   ; 0 in             ; 0 H/in                 ; 0 F/in                 ; short        ; open          ; open            ; open  ; 0 V                 ; -                  ; n/a           ; n/a             ; n/a         ;
; PC[23]        ; 2.5 V        ; 0 in              ; 0 H/in                  ; 0 F/in                  ; short         ; -                   ; open           ; open             ; open   ; 0 in             ; 0 H/in                 ; 0 F/in                 ; short        ; open          ; open            ; open  ; 0 V                 ; -                  ; n/a           ; n/a             ; n/a         ;
; PC[24]        ; 2.5 V        ; 0 in              ; 0 H/in                  ; 0 F/in                  ; short         ; -                   ; open           ; open             ; open   ; 0 in             ; 0 H/in                 ; 0 F/in                 ; short        ; open          ; open            ; open  ; 0 V                 ; -                  ; n/a           ; n/a             ; n/a         ;
; PC[25]        ; 2.5 V        ; 0 in              ; 0 H/in                  ; 0 F/in                  ; short         ; -                   ; open           ; open             ; open   ; 0 in             ; 0 H/in                 ; 0 F/in                 ; short        ; open          ; open            ; open  ; 0 V                 ; -                  ; n/a           ; n/a             ; n/a         ;
; PC[26]        ; 2.5 V        ; 0 in              ; 0 H/in                  ; 0 F/in                  ; short         ; -                   ; open           ; open             ; open   ; 0 in             ; 0 H/in                 ; 0 F/in                 ; short        ; open          ; open            ; open  ; 0 V                 ; -                  ; n/a           ; n/a             ; n/a         ;
; PC[27]        ; 2.5 V        ; 0 in              ; 0 H/in                  ; 0 F/in                  ; short         ; -                   ; open           ; open             ; open   ; 0 in             ; 0 H/in                 ; 0 F/in                 ; short        ; open          ; open            ; open  ; 0 V                 ; -                  ; n/a           ; n/a             ; n/a         ;
; PC[28]        ; 2.5 V        ; 0 in              ; 0 H/in                  ; 0 F/in                  ; short         ; -                   ; open           ; open             ; open   ; 0 in             ; 0 H/in                 ; 0 F/in                 ; short        ; open          ; open            ; open  ; 0 V                 ; -                  ; n/a           ; n/a             ; n/a         ;
; PC[29]        ; 2.5 V        ; 0 in              ; 0 H/in                  ; 0 F/in                  ; short         ; -                   ; open           ; open             ; open   ; 0 in             ; 0 H/in                 ; 0 F/in                 ; short        ; open          ; open            ; open  ; 0 V                 ; -                  ; n/a           ; n/a             ; n/a         ;
; PC[30]        ; 2.5 V        ; 0 in              ; 0 H/in                  ; 0 F/in                  ; short         ; -                   ; open           ; open             ; open   ; 0 in             ; 0 H/in                 ; 0 F/in                 ; short        ; open          ; open            ; open  ; 0 V                 ; -                  ; n/a           ; n/a             ; n/a         ;
; PC[31]        ; 2.5 V        ; 0 in              ; 0 H/in                  ; 0 F/in                  ; short         ; -                   ; open           ; open             ; open   ; 0 in             ; 0 H/in                 ; 0 F/in                 ; short        ; open          ; open            ; open  ; 0 V                 ; -                  ; n/a           ; n/a             ; n/a         ;
; LEDR[0]       ; 2.5 V        ; 0 in              ; 0 H/in                  ; 0 F/in                  ; short         ; -                   ; open           ; open             ; open   ; 0 in             ; 0 H/in                 ; 0 F/in                 ; short        ; open          ; open            ; open  ; 0 V                 ; -                  ; n/a           ; n/a             ; n/a         ;
; LEDR[1]       ; 2.5 V        ; 0 in              ; 0 H/in                  ; 0 F/in                  ; short         ; -                   ; open           ; open             ; open   ; 0 in             ; 0 H/in                 ; 0 F/in                 ; short        ; open          ; open            ; open  ; 0 V                 ; -                  ; n/a           ; n/a             ; n/a         ;
; LEDR[2]       ; 2.5 V        ; 0 in              ; 0 H/in                  ; 0 F/in                  ; short         ; -                   ; open           ; open             ; open   ; 0 in             ; 0 H/in                 ; 0 F/in                 ; short        ; open          ; open            ; open  ; 0 V                 ; -                  ; n/a           ; n/a             ; n/a         ;
; LEDR[3]       ; 2.5 V        ; 0 in              ; 0 H/in                  ; 0 F/in                  ; short         ; -                   ; open           ; open             ; open   ; 0 in             ; 0 H/in                 ; 0 F/in                 ; short        ; open          ; open            ; open  ; 0 V                 ; -                  ; n/a           ; n/a             ; n/a         ;
; LEDR[4]       ; 2.5 V        ; 0 in              ; 0 H/in                  ; 0 F/in                  ; short         ; -                   ; open           ; open             ; open   ; 0 in             ; 0 H/in                 ; 0 F/in                 ; short        ; open          ; open            ; open  ; 0 V                 ; -                  ; n/a           ; n/a             ; n/a         ;
; LEDR[5]       ; 2.5 V        ; 0 in              ; 0 H/in                  ; 0 F/in                  ; short         ; -                   ; open           ; open             ; open   ; 0 in             ; 0 H/in                 ; 0 F/in                 ; short        ; open          ; open            ; open  ; 0 V                 ; -                  ; n/a           ; n/a             ; n/a         ;
; LEDR[6]       ; 2.5 V        ; 0 in              ; 0 H/in                  ; 0 F/in                  ; short         ; -                   ; open           ; open             ; open   ; 0 in             ; 0 H/in                 ; 0 F/in                 ; short        ; open          ; open            ; open  ; 0 V                 ; -                  ; n/a           ; n/a             ; n/a         ;
; LEDR[7]       ; 2.5 V        ; 0 in              ; 0 H/in                  ; 0 F/in                  ; short         ; -                   ; open           ; open             ; open   ; 0 in             ; 0 H/in                 ; 0 F/in                 ; short        ; open          ; open            ; open  ; 0 V                 ; -                  ; n/a           ; n/a             ; n/a         ;
; LEDR[8]       ; 2.5 V        ; 0 in              ; 0 H/in                  ; 0 F/in                  ; short         ; -                   ; open           ; open             ; open   ; 0 in             ; 0 H/in                 ; 0 F/in                 ; short        ; open          ; open            ; open  ; 0 V                 ; -                  ; n/a           ; n/a             ; n/a         ;
; LEDR[9]       ; 2.5 V        ; 0 in              ; 0 H/in                  ; 0 F/in                  ; short         ; -                   ; open           ; open             ; open   ; 0 in             ; 0 H/in                 ; 0 F/in                 ; short        ; open          ; open            ; open  ; 0 V                 ; -                  ; n/a           ; n/a             ; n/a         ;
; LEDR[10]      ; 2.5 V        ; 0 in              ; 0 H/in                  ; 0 F/in                  ; short         ; -                   ; open           ; open             ; open   ; 0 in             ; 0 H/in                 ; 0 F/in                 ; short        ; open          ; open            ; open  ; 0 V                 ; -                  ; n/a           ; n/a             ; n/a         ;
; LEDR[11]      ; 2.5 V        ; 0 in              ; 0 H/in                  ; 0 F/in                  ; short         ; -                   ; open           ; open             ; open   ; 0 in             ; 0 H/in                 ; 0 F/in                 ; short        ; open          ; open            ; open  ; 0 V                 ; -                  ; n/a           ; n/a             ; n/a         ;
; LEDR[12]      ; 2.5 V        ; 0 in              ; 0 H/in                  ; 0 F/in                  ; short         ; -                   ; open           ; open             ; open   ; 0 in             ; 0 H/in                 ; 0 F/in                 ; short        ; open          ; open            ; open  ; 0 V                 ; -                  ; n/a           ; n/a             ; n/a         ;
; LEDR[13]      ; 2.5 V        ; 0 in              ; 0 H/in                  ; 0 F/in                  ; short         ; -                   ; open           ; open             ; open   ; 0 in             ; 0 H/in                 ; 0 F/in                 ; short        ; open          ; open            ; open  ; 0 V                 ; -                  ; n/a           ; n/a             ; n/a         ;
; LEDR[14]      ; 2.5 V        ; 0 in              ; 0 H/in                  ; 0 F/in                  ; short         ; -                   ; open           ; open             ; open   ; 0 in             ; 0 H/in                 ; 0 F/in                 ; short        ; open          ; open            ; open  ; 0 V                 ; -                  ; n/a           ; n/a             ; n/a         ;
; LEDR[15]      ; 2.5 V        ; 0 in              ; 0 H/in                  ; 0 F/in                  ; short         ; -                   ; open           ; open             ; open   ; 0 in             ; 0 H/in                 ; 0 F/in                 ; short        ; open          ; open            ; open  ; 0 V                 ; -                  ; n/a           ; n/a             ; n/a         ;
; LEDR[16]      ; 2.5 V        ; 0 in              ; 0 H/in                  ; 0 F/in                  ; short         ; -                   ; open           ; open             ; open   ; 0 in             ; 0 H/in                 ; 0 F/in                 ; short        ; open          ; open            ; open  ; 0 V                 ; -                  ; n/a           ; n/a             ; n/a         ;
; LEDR[17]      ; 2.5 V        ; 0 in              ; 0 H/in                  ; 0 F/in                  ; short         ; -                   ; open           ; open             ; open   ; 0 in             ; 0 H/in                 ; 0 F/in                 ; short        ; open          ; open            ; open  ; 0 V                 ; -                  ; n/a           ; n/a             ; n/a         ;
; LEDG[0]       ; 2.5 V        ; 0 in              ; 0 H/in                  ; 0 F/in                  ; short         ; -                   ; open           ; open             ; open   ; 0 in             ; 0 H/in                 ; 0 F/in                 ; short        ; open          ; open            ; open  ; 0 V                 ; -                  ; n/a           ; n/a             ; n/a         ;
; LEDG[1]       ; 2.5 V        ; 0 in              ; 0 H/in                  ; 0 F/in                  ; short         ; -                   ; open           ; open             ; open   ; 0 in             ; 0 H/in                 ; 0 F/in                 ; short        ; open          ; open            ; open  ; 0 V                 ; -                  ; n/a           ; n/a             ; n/a         ;
; LEDG[2]       ; 2.5 V        ; 0 in              ; 0 H/in                  ; 0 F/in                  ; short         ; -                   ; open           ; open             ; open   ; 0 in             ; 0 H/in                 ; 0 F/in                 ; short        ; open          ; open            ; open  ; 0 V                 ; -                  ; n/a           ; n/a             ; n/a         ;
; LEDG[3]       ; 2.5 V        ; 0 in              ; 0 H/in                  ; 0 F/in                  ; short         ; -                   ; open           ; open             ; open   ; 0 in             ; 0 H/in                 ; 0 F/in                 ; short        ; open          ; open            ; open  ; 0 V                 ; -                  ; n/a           ; n/a             ; n/a         ;
; LEDG[4]       ; 2.5 V        ; 0 in              ; 0 H/in                  ; 0 F/in                  ; short         ; -                   ; open           ; open             ; open   ; 0 in             ; 0 H/in                 ; 0 F/in                 ; short        ; open          ; open            ; open  ; 0 V                 ; -                  ; n/a           ; n/a             ; n/a         ;
; LEDG[5]       ; 2.5 V        ; 0 in              ; 0 H/in                  ; 0 F/in                  ; short         ; -                   ; open           ; open             ; open   ; 0 in             ; 0 H/in                 ; 0 F/in                 ; short        ; open          ; open            ; open  ; 0 V                 ; -                  ; n/a           ; n/a             ; n/a         ;
; LEDG[6]       ; 2.5 V        ; 0 in              ; 0 H/in                  ; 0 F/in                  ; short         ; -                   ; open           ; open             ; open   ; 0 in             ; 0 H/in                 ; 0 F/in                 ; short        ; open          ; open            ; open  ; 0 V                 ; -                  ; n/a           ; n/a             ; n/a         ;
; LEDG[7]       ; 2.5 V        ; 0 in              ; 0 H/in                  ; 0 F/in                  ; short         ; -                   ; open           ; open             ; open   ; 0 in             ; 0 H/in                 ; 0 F/in                 ; short        ; open          ; open            ; open  ; 0 V                 ; -                  ; n/a           ; n/a             ; n/a         ;
; LEDG[8]       ; 2.5 V        ; 0 in              ; 0 H/in                  ; 0 F/in                  ; short         ; -                   ; open           ; open             ; open   ; 0 in             ; 0 H/in                 ; 0 F/in                 ; short        ; open          ; open            ; open  ; 0 V                 ; -                  ; n/a           ; n/a             ; n/a         ;
; UART_TXD      ; 2.5 V        ; 0 in              ; 0 H/in                  ; 0 F/in                  ; short         ; -                   ; open           ; open             ; open   ; 0 in             ; 0 H/in                 ; 0 F/in                 ; short        ; open          ; open            ; open  ; 0 V                 ; -                  ; n/a           ; n/a             ; n/a         ;
; ~ALTERA_DCLK~ ; 2.5 V        ; 0 in              ; 0 H/in                  ; 0 F/in                  ; short         ; -                   ; open           ; open             ; open   ; 0 in             ; 0 H/in                 ; 0 F/in                 ; short        ; open          ; open            ; open  ; 0 V                 ; -                  ; n/a           ; n/a             ; n/a         ;
; ~ALTERA_nCEO~ ; 2.5 V        ; 0 in              ; 0 H/in                  ; 0 F/in                  ; short         ; -                   ; open           ; open             ; open   ; 0 in             ; 0 H/in                 ; 0 F/in                 ; short        ; open          ; open            ; open  ; 0 V                 ; -                  ; n/a           ; n/a             ; n/a         ;
+---------------+--------------+-------------------+-------------------------+-------------------------+---------------+---------------------+----------------+------------------+--------+------------------+------------------------+------------------------+--------------+---------------+-----------------+-------+---------------------+--------------------+---------------+-----------------+-------------+


+----------------------------------------------------------------------------+
; Input Transition Times                                                     ;
+-------------------------+--------------+-----------------+-----------------+
; Pin                     ; I/O Standard ; 10-90 Rise Time ; 90-10 Fall Time ;
+-------------------------+--------------+-----------------+-----------------+
; KEY[0]                  ; 2.5 V        ; 2000 ps         ; 2000 ps         ;
; clk                     ; 2.5 V        ; 2000 ps         ; 2000 ps         ;
; KEY[2]                  ; 2.5 V        ; 2000 ps         ; 2000 ps         ;
; SW[2]                   ; 2.5 V        ; 2000 ps         ; 2000 ps         ;
; KEY[1]                  ; 2.5 V        ; 2000 ps         ; 2000 ps         ;
; SW[1]                   ; 2.5 V        ; 2000 ps         ; 2000 ps         ;
; SW[0]                   ; 2.5 V        ; 2000 ps         ; 2000 ps         ;
; KEY[3]                  ; 2.5 V        ; 2000 ps         ; 2000 ps         ;
; SW[3]                   ; 2.5 V        ; 2000 ps         ; 2000 ps         ;
; SW[17]                  ; 2.5 V        ; 2000 ps         ; 2000 ps         ;
; SW[16]                  ; 2.5 V        ; 2000 ps         ; 2000 ps         ;
; SW[15]                  ; 2.5 V        ; 2000 ps         ; 2000 ps         ;
; SW[14]                  ; 2.5 V        ; 2000 ps         ; 2000 ps         ;
; SW[13]                  ; 2.5 V        ; 2000 ps         ; 2000 ps         ;
; SW[12]                  ; 2.5 V        ; 2000 ps         ; 2000 ps         ;
; SW[11]                  ; 2.5 V        ; 2000 ps         ; 2000 ps         ;
; SW[10]                  ; 2.5 V        ; 2000 ps         ; 2000 ps         ;
; SW[9]                   ; 2.5 V        ; 2000 ps         ; 2000 ps         ;
; SW[8]                   ; 2.5 V        ; 2000 ps         ; 2000 ps         ;
; SW[7]                   ; 2.5 V        ; 2000 ps         ; 2000 ps         ;
; SW[6]                   ; 2.5 V        ; 2000 ps         ; 2000 ps         ;
; SW[5]                   ; 2.5 V        ; 2000 ps         ; 2000 ps         ;
; SW[4]                   ; 2.5 V        ; 2000 ps         ; 2000 ps         ;
; UART_RXD                ; 2.5 V        ; 2000 ps         ; 2000 ps         ;
; ~ALTERA_ASDO_DATA1~     ; 2.5 V        ; 2000 ps         ; 2000 ps         ;
; ~ALTERA_FLASH_nCE_nCSO~ ; 2.5 V        ; 2000 ps         ; 2000 ps         ;
; ~ALTERA_DATA0~          ; 2.5 V        ; 2000 ps         ; 2000 ps         ;
+-------------------------+--------------+-----------------+-----------------+


+--------------------------------------------------------------------------------------------------------------------------------------------------------------------------------------------------------------------------------------------------------------------------------------------------------------------------------------------------------------------------------------------------------------------------------------------------------------------------------------------------------------------------------------------------------------------------------------------------------------------------------------------------------------------------------------------+
; Signal Integrity Metrics (Slow 1200mv 0c Model)                                                                                                                                                                                                                                                                                                                                                                                                                                                                                                                                                                                                                                            ;
+---------------+--------------+---------------------+---------------------+------------------------------+------------------------------+---------------------+---------------------+--------------------------------------+--------------------------------------+-----------------------------+-----------------------------+----------------------------+----------------------------+-----------------------------+-----------------------------+--------------------+--------------------+-------------------------------------+-------------------------------------+----------------------------+----------------------------+---------------------------+---------------------------+
; Pin           ; I/O Standard ; Board Delay on Rise ; Board Delay on Fall ; Steady State Voh at FPGA Pin ; Steady State Vol at FPGA Pin ; Voh Max at FPGA Pin ; Vol Min at FPGA Pin ; Ringback Voltage on Rise at FPGA Pin ; Ringback Voltage on Fall at FPGA Pin ; 10-90 Rise Time at FPGA Pin ; 90-10 Fall Time at FPGA Pin ; Monotonic Rise at FPGA Pin ; Monotonic Fall at FPGA Pin ; Steady State Voh at Far-end ; Steady State Vol at Far-end ; Voh Max at Far-end ; Vol Min at Far-end ; Ringback Voltage on Rise at Far-end ; Ringback Voltage on Fall at Far-end ; 10-90 Rise Time at Far-end ; 90-10 Fall Time at Far-end ; Monotonic Rise at Far-end ; Monotonic Fall at Far-end ;
+---------------+--------------+---------------------+---------------------+------------------------------+------------------------------+---------------------+---------------------+--------------------------------------+--------------------------------------+-----------------------------+-----------------------------+----------------------------+----------------------------+-----------------------------+-----------------------------+--------------------+--------------------+-------------------------------------+-------------------------------------+----------------------------+----------------------------+---------------------------+---------------------------+
; PC[0]         ; 2.5 V        ; 0 s                 ; 0 s                 ; 2.32 V                       ; 4.49e-09 V                   ; 2.38 V              ; -0.00552 V          ; 0.096 V                              ; 0.019 V                              ; 4.18e-10 s                  ; 3.59e-10 s                  ; No                         ; Yes                        ; 2.32 V                      ; 4.49e-09 V                  ; 2.38 V             ; -0.00552 V         ; 0.096 V                             ; 0.019 V                             ; 4.18e-10 s                 ; 3.59e-10 s                 ; No                        ; Yes                       ;
; PC[1]         ; 2.5 V        ; 0 s                 ; 0 s                 ; 2.32 V                       ; 4.49e-09 V                   ; 2.38 V              ; -0.00552 V          ; 0.096 V                              ; 0.019 V                              ; 4.18e-10 s                  ; 3.59e-10 s                  ; No                         ; Yes                        ; 2.32 V                      ; 4.49e-09 V                  ; 2.38 V             ; -0.00552 V         ; 0.096 V                             ; 0.019 V                             ; 4.18e-10 s                 ; 3.59e-10 s                 ; No                        ; Yes                       ;
; PC[2]         ; 2.5 V        ; 0 s                 ; 0 s                 ; 2.32 V                       ; 4.49e-09 V                   ; 2.38 V              ; -0.00552 V          ; 0.096 V                              ; 0.019 V                              ; 4.18e-10 s                  ; 3.59e-10 s                  ; No                         ; Yes                        ; 2.32 V                      ; 4.49e-09 V                  ; 2.38 V             ; -0.00552 V         ; 0.096 V                             ; 0.019 V                             ; 4.18e-10 s                 ; 3.59e-10 s                 ; No                        ; Yes                       ;
; PC[3]         ; 2.5 V        ; 0 s                 ; 0 s                 ; 2.32 V                       ; 4.49e-09 V                   ; 2.38 V              ; -0.00552 V          ; 0.096 V                              ; 0.019 V                              ; 4.18e-10 s                  ; 3.59e-10 s                  ; No                         ; Yes                        ; 2.32 V                      ; 4.49e-09 V                  ; 2.38 V             ; -0.00552 V         ; 0.096 V                             ; 0.019 V                             ; 4.18e-10 s                 ; 3.59e-10 s                 ; No                        ; Yes                       ;
; PC[4]         ; 2.5 V        ; 0 s                 ; 0 s                 ; 2.32 V                       ; 4.49e-09 V                   ; 2.38 V              ; -0.00552 V          ; 0.096 V                              ; 0.019 V                              ; 4.18e-10 s                  ; 3.59e-10 s                  ; No                         ; Yes                        ; 2.32 V                      ; 4.49e-09 V                  ; 2.38 V             ; -0.00552 V         ; 0.096 V                             ; 0.019 V                             ; 4.18e-10 s                 ; 3.59e-10 s                 ; No                        ; Yes                       ;
; PC[5]         ; 2.5 V        ; 0 s                 ; 0 s                 ; 2.32 V                       ; 4.49e-09 V                   ; 2.38 V              ; -0.00552 V          ; 0.096 V                              ; 0.019 V                              ; 4.18e-10 s                  ; 3.59e-10 s                  ; No                         ; Yes                        ; 2.32 V                      ; 4.49e-09 V                  ; 2.38 V             ; -0.00552 V         ; 0.096 V                             ; 0.019 V                             ; 4.18e-10 s                 ; 3.59e-10 s                 ; No                        ; Yes                       ;
; PC[6]         ; 2.5 V        ; 0 s                 ; 0 s                 ; 2.32 V                       ; 4.49e-09 V                   ; 2.38 V              ; -0.00552 V          ; 0.096 V                              ; 0.019 V                              ; 4.18e-10 s                  ; 3.59e-10 s                  ; No                         ; Yes                        ; 2.32 V                      ; 4.49e-09 V                  ; 2.38 V             ; -0.00552 V         ; 0.096 V                             ; 0.019 V                             ; 4.18e-10 s                 ; 3.59e-10 s                 ; No                        ; Yes                       ;
; PC[7]         ; 2.5 V        ; 0 s                 ; 0 s                 ; 2.32 V                       ; 4.49e-09 V                   ; 2.33 V              ; -0.00467 V          ; 0.226 V                              ; 0.087 V                              ; 2.91e-09 s                  ; 2.74e-09 s                  ; Yes                        ; Yes                        ; 2.32 V                      ; 4.49e-09 V                  ; 2.33 V             ; -0.00467 V         ; 0.226 V                             ; 0.087 V                             ; 2.91e-09 s                 ; 2.74e-09 s                 ; Yes                       ; Yes                       ;
; PC[8]         ; 2.5 V        ; 0 s                 ; 0 s                 ; 2.32 V                       ; 4.49e-09 V                   ; 2.38 V              ; -0.00552 V          ; 0.096 V                              ; 0.019 V                              ; 4.18e-10 s                  ; 3.59e-10 s                  ; No                         ; Yes                        ; 2.32 V                      ; 4.49e-09 V                  ; 2.38 V             ; -0.00552 V         ; 0.096 V                             ; 0.019 V                             ; 4.18e-10 s                 ; 3.59e-10 s                 ; No                        ; Yes                       ;
; PC[9]         ; 2.5 V        ; 0 s                 ; 0 s                 ; 2.32 V                       ; 4.49e-09 V                   ; 2.38 V              ; -0.00552 V          ; 0.096 V                              ; 0.019 V                              ; 4.18e-10 s                  ; 3.59e-10 s                  ; No                         ; Yes                        ; 2.32 V                      ; 4.49e-09 V                  ; 2.38 V             ; -0.00552 V         ; 0.096 V                             ; 0.019 V                             ; 4.18e-10 s                 ; 3.59e-10 s                 ; No                        ; Yes                       ;
; PC[10]        ; 2.5 V        ; 0 s                 ; 0 s                 ; 2.32 V                       ; 4.49e-09 V                   ; 2.38 V              ; -0.00552 V          ; 0.096 V                              ; 0.019 V                              ; 4.18e-10 s                  ; 3.59e-10 s                  ; No                         ; Yes                        ; 2.32 V                      ; 4.49e-09 V                  ; 2.38 V             ; -0.00552 V         ; 0.096 V                             ; 0.019 V                             ; 4.18e-10 s                 ; 3.59e-10 s                 ; No                        ; Yes                       ;
; PC[11]        ; 2.5 V        ; 0 s                 ; 0 s                 ; 2.32 V                       ; 4.49e-09 V                   ; 2.38 V              ; -0.00552 V          ; 0.096 V                              ; 0.019 V                              ; 4.18e-10 s                  ; 3.59e-10 s                  ; No                         ; Yes                        ; 2.32 V                      ; 4.49e-09 V                  ; 2.38 V             ; -0.00552 V         ; 0.096 V                             ; 0.019 V                             ; 4.18e-10 s                 ; 3.59e-10 s                 ; No                        ; Yes                       ;
; PC[12]        ; 2.5 V        ; 0 s                 ; 0 s                 ; 2.32 V                       ; 4.49e-09 V                   ; 2.38 V              ; -0.00552 V          ; 0.096 V                              ; 0.019 V                              ; 4.18e-10 s                  ; 3.59e-10 s                  ; No                         ; Yes                        ; 2.32 V                      ; 4.49e-09 V                  ; 2.38 V             ; -0.00552 V         ; 0.096 V                             ; 0.019 V                             ; 4.18e-10 s                 ; 3.59e-10 s                 ; No                        ; Yes                       ;
; PC[13]        ; 2.5 V        ; 0 s                 ; 0 s                 ; 2.32 V                       ; 4.49e-09 V                   ; 2.38 V              ; -0.00552 V          ; 0.096 V                              ; 0.019 V                              ; 4.18e-10 s                  ; 3.59e-10 s                  ; No                         ; Yes                        ; 2.32 V                      ; 4.49e-09 V                  ; 2.38 V             ; -0.00552 V         ; 0.096 V                             ; 0.019 V                             ; 4.18e-10 s                 ; 3.59e-10 s                 ; No                        ; Yes                       ;
; PC[14]        ; 2.5 V        ; 0 s                 ; 0 s                 ; 2.32 V                       ; 4.49e-09 V                   ; 2.38 V              ; -0.00552 V          ; 0.096 V                              ; 0.019 V                              ; 4.18e-10 s                  ; 3.59e-10 s                  ; No                         ; Yes                        ; 2.32 V                      ; 4.49e-09 V                  ; 2.38 V             ; -0.00552 V         ; 0.096 V                             ; 0.019 V                             ; 4.18e-10 s                 ; 3.59e-10 s                 ; No                        ; Yes                       ;
; PC[15]        ; 2.5 V        ; 0 s                 ; 0 s                 ; 2.32 V                       ; 4.49e-09 V                   ; 2.38 V              ; -0.00552 V          ; 0.096 V                              ; 0.019 V                              ; 4.18e-10 s                  ; 3.59e-10 s                  ; No                         ; Yes                        ; 2.32 V                      ; 4.49e-09 V                  ; 2.38 V             ; -0.00552 V         ; 0.096 V                             ; 0.019 V                             ; 4.18e-10 s                 ; 3.59e-10 s                 ; No                        ; Yes                       ;
; PC[16]        ; 2.5 V        ; 0 s                 ; 0 s                 ; 2.32 V                       ; 4.49e-09 V                   ; 2.38 V              ; -0.00552 V          ; 0.096 V                              ; 0.019 V                              ; 4.18e-10 s                  ; 3.59e-10 s                  ; No                         ; Yes                        ; 2.32 V                      ; 4.49e-09 V                  ; 2.38 V             ; -0.00552 V         ; 0.096 V                             ; 0.019 V                             ; 4.18e-10 s                 ; 3.59e-10 s                 ; No                        ; Yes                       ;
; PC[17]        ; 2.5 V        ; 0 s                 ; 0 s                 ; 2.32 V                       ; 4.49e-09 V                   ; 2.38 V              ; -0.00552 V          ; 0.096 V                              ; 0.019 V                              ; 4.18e-10 s                  ; 3.59e-10 s                  ; No                         ; Yes                        ; 2.32 V                      ; 4.49e-09 V                  ; 2.38 V             ; -0.00552 V         ; 0.096 V                             ; 0.019 V                             ; 4.18e-10 s                 ; 3.59e-10 s                 ; No                        ; Yes                       ;
; PC[18]        ; 2.5 V        ; 0 s                 ; 0 s                 ; 2.32 V                       ; 4.49e-09 V                   ; 2.38 V              ; -0.00552 V          ; 0.096 V                              ; 0.019 V                              ; 4.18e-10 s                  ; 3.59e-10 s                  ; No                         ; Yes                        ; 2.32 V                      ; 4.49e-09 V                  ; 2.38 V             ; -0.00552 V         ; 0.096 V                             ; 0.019 V                             ; 4.18e-10 s                 ; 3.59e-10 s                 ; No                        ; Yes                       ;
; PC[19]        ; 2.5 V        ; 0 s                 ; 0 s                 ; 2.32 V                       ; 4.49e-09 V                   ; 2.38 V              ; -0.00552 V          ; 0.096 V                              ; 0.019 V                              ; 4.18e-10 s                  ; 3.59e-10 s                  ; No                         ; Yes                        ; 2.32 V                      ; 4.49e-09 V                  ; 2.38 V             ; -0.00552 V         ; 0.096 V                             ; 0.019 V                             ; 4.18e-10 s                 ; 3.59e-10 s                 ; No                        ; Yes                       ;
; PC[20]        ; 2.5 V        ; 0 s                 ; 0 s                 ; 2.32 V                       ; 4.49e-09 V                   ; 2.38 V              ; -0.00552 V          ; 0.096 V                              ; 0.019 V                              ; 4.18e-10 s                  ; 3.59e-10 s                  ; No                         ; Yes                        ; 2.32 V                      ; 4.49e-09 V                  ; 2.38 V             ; -0.00552 V         ; 0.096 V                             ; 0.019 V                             ; 4.18e-10 s                 ; 3.59e-10 s                 ; No                        ; Yes                       ;
; PC[21]        ; 2.5 V        ; 0 s                 ; 0 s                 ; 2.32 V                       ; 4.49e-09 V                   ; 2.38 V              ; -0.00552 V          ; 0.096 V                              ; 0.019 V                              ; 4.18e-10 s                  ; 3.59e-10 s                  ; No                         ; Yes                        ; 2.32 V                      ; 4.49e-09 V                  ; 2.38 V             ; -0.00552 V         ; 0.096 V                             ; 0.019 V                             ; 4.18e-10 s                 ; 3.59e-10 s                 ; No                        ; Yes                       ;
; PC[22]        ; 2.5 V        ; 0 s                 ; 0 s                 ; 2.32 V                       ; 4.49e-09 V                   ; 2.38 V              ; -0.00552 V          ; 0.096 V                              ; 0.019 V                              ; 4.18e-10 s                  ; 3.59e-10 s                  ; No                         ; Yes                        ; 2.32 V                      ; 4.49e-09 V                  ; 2.38 V             ; -0.00552 V         ; 0.096 V                             ; 0.019 V                             ; 4.18e-10 s                 ; 3.59e-10 s                 ; No                        ; Yes                       ;
; PC[23]        ; 2.5 V        ; 0 s                 ; 0 s                 ; 2.32 V                       ; 4.49e-09 V                   ; 2.38 V              ; -0.00552 V          ; 0.096 V                              ; 0.019 V                              ; 4.18e-10 s                  ; 3.59e-10 s                  ; No                         ; Yes                        ; 2.32 V                      ; 4.49e-09 V                  ; 2.38 V             ; -0.00552 V         ; 0.096 V                             ; 0.019 V                             ; 4.18e-10 s                 ; 3.59e-10 s                 ; No                        ; Yes                       ;
; PC[24]        ; 2.5 V        ; 0 s                 ; 0 s                 ; 2.32 V                       ; 4.49e-09 V                   ; 2.38 V              ; -0.00552 V          ; 0.096 V                              ; 0.019 V                              ; 4.18e-10 s                  ; 3.59e-10 s                  ; No                         ; Yes                        ; 2.32 V                      ; 4.49e-09 V                  ; 2.38 V             ; -0.00552 V         ; 0.096 V                             ; 0.019 V                             ; 4.18e-10 s                 ; 3.59e-10 s                 ; No                        ; Yes                       ;
; PC[25]        ; 2.5 V        ; 0 s                 ; 0 s                 ; 2.32 V                       ; 4.49e-09 V                   ; 2.38 V              ; -0.00552 V          ; 0.096 V                              ; 0.019 V                              ; 4.18e-10 s                  ; 3.59e-10 s                  ; No                         ; Yes                        ; 2.32 V                      ; 4.49e-09 V                  ; 2.38 V             ; -0.00552 V         ; 0.096 V                             ; 0.019 V                             ; 4.18e-10 s                 ; 3.59e-10 s                 ; No                        ; Yes                       ;
; PC[26]        ; 2.5 V        ; 0 s                 ; 0 s                 ; 2.32 V                       ; 4.49e-09 V                   ; 2.38 V              ; -0.00552 V          ; 0.096 V                              ; 0.019 V                              ; 4.18e-10 s                  ; 3.59e-10 s                  ; No                         ; Yes                        ; 2.32 V                      ; 4.49e-09 V                  ; 2.38 V             ; -0.00552 V         ; 0.096 V                             ; 0.019 V                             ; 4.18e-10 s                 ; 3.59e-10 s                 ; No                        ; Yes                       ;
; PC[27]        ; 2.5 V        ; 0 s                 ; 0 s                 ; 2.32 V                       ; 4.49e-09 V                   ; 2.38 V              ; -0.00552 V          ; 0.096 V                              ; 0.019 V                              ; 4.18e-10 s                  ; 3.59e-10 s                  ; No                         ; Yes                        ; 2.32 V                      ; 4.49e-09 V                  ; 2.38 V             ; -0.00552 V         ; 0.096 V                             ; 0.019 V                             ; 4.18e-10 s                 ; 3.59e-10 s                 ; No                        ; Yes                       ;
; PC[28]        ; 2.5 V        ; 0 s                 ; 0 s                 ; 2.32 V                       ; 4.49e-09 V                   ; 2.38 V              ; -0.00552 V          ; 0.096 V                              ; 0.019 V                              ; 4.18e-10 s                  ; 3.59e-10 s                  ; No                         ; Yes                        ; 2.32 V                      ; 4.49e-09 V                  ; 2.38 V             ; -0.00552 V         ; 0.096 V                             ; 0.019 V                             ; 4.18e-10 s                 ; 3.59e-10 s                 ; No                        ; Yes                       ;
; PC[29]        ; 2.5 V        ; 0 s                 ; 0 s                 ; 2.32 V                       ; 4.49e-09 V                   ; 2.38 V              ; -0.00552 V          ; 0.096 V                              ; 0.019 V                              ; 4.18e-10 s                  ; 3.59e-10 s                  ; No                         ; Yes                        ; 2.32 V                      ; 4.49e-09 V                  ; 2.38 V             ; -0.00552 V         ; 0.096 V                             ; 0.019 V                             ; 4.18e-10 s                 ; 3.59e-10 s                 ; No                        ; Yes                       ;
; PC[30]        ; 2.5 V        ; 0 s                 ; 0 s                 ; 2.32 V                       ; 4.49e-09 V                   ; 2.38 V              ; -0.00552 V          ; 0.096 V                              ; 0.019 V                              ; 4.18e-10 s                  ; 3.59e-10 s                  ; No                         ; Yes                        ; 2.32 V                      ; 4.49e-09 V                  ; 2.38 V             ; -0.00552 V         ; 0.096 V                             ; 0.019 V                             ; 4.18e-10 s                 ; 3.59e-10 s                 ; No                        ; Yes                       ;
; PC[31]        ; 2.5 V        ; 0 s                 ; 0 s                 ; 2.32 V                       ; 4.49e-09 V                   ; 2.38 V              ; -0.00552 V          ; 0.096 V                              ; 0.019 V                              ; 4.18e-10 s                  ; 3.59e-10 s                  ; No                         ; Yes                        ; 2.32 V                      ; 4.49e-09 V                  ; 2.38 V             ; -0.00552 V         ; 0.096 V                             ; 0.019 V                             ; 4.18e-10 s                 ; 3.59e-10 s                 ; No                        ; Yes                       ;
; LEDR[0]       ; 2.5 V        ; 0 s                 ; 0 s                 ; 2.32 V                       ; 4.49e-09 V                   ; 2.38 V              ; -0.00552 V          ; 0.096 V                              ; 0.019 V                              ; 4.18e-10 s                  ; 3.59e-10 s                  ; No                         ; Yes                        ; 2.32 V                      ; 4.49e-09 V                  ; 2.38 V             ; -0.00552 V         ; 0.096 V                             ; 0.019 V                             ; 4.18e-10 s                 ; 3.59e-10 s                 ; No                        ; Yes                       ;
; LEDR[1]       ; 2.5 V        ; 0 s                 ; 0 s                 ; 2.32 V                       ; 4.49e-09 V                   ; 2.38 V              ; -0.00552 V          ; 0.096 V                              ; 0.019 V                              ; 4.18e-10 s                  ; 3.59e-10 s                  ; No                         ; Yes                        ; 2.32 V                      ; 4.49e-09 V                  ; 2.38 V             ; -0.00552 V         ; 0.096 V                             ; 0.019 V                             ; 4.18e-10 s                 ; 3.59e-10 s                 ; No                        ; Yes                       ;
; LEDR[2]       ; 2.5 V        ; 0 s                 ; 0 s                 ; 2.32 V                       ; 4.49e-09 V                   ; 2.38 V              ; -0.00552 V          ; 0.096 V                              ; 0.019 V                              ; 4.18e-10 s                  ; 3.59e-10 s                  ; No                         ; Yes                        ; 2.32 V                      ; 4.49e-09 V                  ; 2.38 V             ; -0.00552 V         ; 0.096 V                             ; 0.019 V                             ; 4.18e-10 s                 ; 3.59e-10 s                 ; No                        ; Yes                       ;
; LEDR[3]       ; 2.5 V        ; 0 s                 ; 0 s                 ; 2.32 V                       ; 4.49e-09 V                   ; 2.38 V              ; -0.00552 V          ; 0.096 V                              ; 0.019 V                              ; 4.18e-10 s                  ; 3.59e-10 s                  ; No                         ; Yes                        ; 2.32 V                      ; 4.49e-09 V                  ; 2.38 V             ; -0.00552 V         ; 0.096 V                             ; 0.019 V                             ; 4.18e-10 s                 ; 3.59e-10 s                 ; No                        ; Yes                       ;
; LEDR[4]       ; 2.5 V        ; 0 s                 ; 0 s                 ; 2.32 V                       ; 4.49e-09 V                   ; 2.38 V              ; -0.00552 V          ; 0.096 V                              ; 0.019 V                              ; 4.18e-10 s                  ; 3.59e-10 s                  ; No                         ; Yes                        ; 2.32 V                      ; 4.49e-09 V                  ; 2.38 V             ; -0.00552 V         ; 0.096 V                             ; 0.019 V                             ; 4.18e-10 s                 ; 3.59e-10 s                 ; No                        ; Yes                       ;
; LEDR[5]       ; 2.5 V        ; 0 s                 ; 0 s                 ; 2.32 V                       ; 4.49e-09 V                   ; 2.38 V              ; -0.00552 V          ; 0.096 V                              ; 0.019 V                              ; 4.18e-10 s                  ; 3.59e-10 s                  ; No                         ; Yes                        ; 2.32 V                      ; 4.49e-09 V                  ; 2.38 V             ; -0.00552 V         ; 0.096 V                             ; 0.019 V                             ; 4.18e-10 s                 ; 3.59e-10 s                 ; No                        ; Yes                       ;
; LEDR[6]       ; 2.5 V        ; 0 s                 ; 0 s                 ; 2.32 V                       ; 4.49e-09 V                   ; 2.38 V              ; -0.00552 V          ; 0.096 V                              ; 0.019 V                              ; 4.18e-10 s                  ; 3.59e-10 s                  ; No                         ; Yes                        ; 2.32 V                      ; 4.49e-09 V                  ; 2.38 V             ; -0.00552 V         ; 0.096 V                             ; 0.019 V                             ; 4.18e-10 s                 ; 3.59e-10 s                 ; No                        ; Yes                       ;
; LEDR[7]       ; 2.5 V        ; 0 s                 ; 0 s                 ; 2.32 V                       ; 4.49e-09 V                   ; 2.38 V              ; -0.00552 V          ; 0.096 V                              ; 0.019 V                              ; 4.18e-10 s                  ; 3.59e-10 s                  ; No                         ; Yes                        ; 2.32 V                      ; 4.49e-09 V                  ; 2.38 V             ; -0.00552 V         ; 0.096 V                             ; 0.019 V                             ; 4.18e-10 s                 ; 3.59e-10 s                 ; No                        ; Yes                       ;
; LEDR[8]       ; 2.5 V        ; 0 s                 ; 0 s                 ; 2.32 V                       ; 4.49e-09 V                   ; 2.38 V              ; -0.00552 V          ; 0.096 V                              ; 0.019 V                              ; 4.18e-10 s                  ; 3.59e-10 s                  ; No                         ; Yes                        ; 2.32 V                      ; 4.49e-09 V                  ; 2.38 V             ; -0.00552 V         ; 0.096 V                             ; 0.019 V                             ; 4.18e-10 s                 ; 3.59e-10 s                 ; No                        ; Yes                       ;
; LEDR[9]       ; 2.5 V        ; 0 s                 ; 0 s                 ; 2.32 V                       ; 4.49e-09 V                   ; 2.33 V              ; -0.00467 V          ; 0.226 V                              ; 0.087 V                              ; 2.91e-09 s                  ; 2.74e-09 s                  ; Yes                        ; Yes                        ; 2.32 V                      ; 4.49e-09 V                  ; 2.33 V             ; -0.00467 V         ; 0.226 V                             ; 0.087 V                             ; 2.91e-09 s                 ; 2.74e-09 s                 ; Yes                       ; Yes                       ;
; LEDR[10]      ; 2.5 V        ; 0 s                 ; 0 s                 ; 2.32 V                       ; 4.49e-09 V                   ; 2.38 V              ; -0.00552 V          ; 0.096 V                              ; 0.019 V                              ; 4.18e-10 s                  ; 3.59e-10 s                  ; No                         ; Yes                        ; 2.32 V                      ; 4.49e-09 V                  ; 2.38 V             ; -0.00552 V         ; 0.096 V                             ; 0.019 V                             ; 4.18e-10 s                 ; 3.59e-10 s                 ; No                        ; Yes                       ;
; LEDR[11]      ; 2.5 V        ; 0 s                 ; 0 s                 ; 2.32 V                       ; 4.49e-09 V                   ; 2.38 V              ; -0.00552 V          ; 0.096 V                              ; 0.019 V                              ; 4.18e-10 s                  ; 3.59e-10 s                  ; No                         ; Yes                        ; 2.32 V                      ; 4.49e-09 V                  ; 2.38 V             ; -0.00552 V         ; 0.096 V                             ; 0.019 V                             ; 4.18e-10 s                 ; 3.59e-10 s                 ; No                        ; Yes                       ;
; LEDR[12]      ; 2.5 V        ; 0 s                 ; 0 s                 ; 2.32 V                       ; 4.49e-09 V                   ; 2.38 V              ; -0.00552 V          ; 0.096 V                              ; 0.019 V                              ; 4.18e-10 s                  ; 3.59e-10 s                  ; No                         ; Yes                        ; 2.32 V                      ; 4.49e-09 V                  ; 2.38 V             ; -0.00552 V         ; 0.096 V                             ; 0.019 V                             ; 4.18e-10 s                 ; 3.59e-10 s                 ; No                        ; Yes                       ;
; LEDR[13]      ; 2.5 V        ; 0 s                 ; 0 s                 ; 2.32 V                       ; 4.49e-09 V                   ; 2.38 V              ; -0.00552 V          ; 0.096 V                              ; 0.019 V                              ; 4.18e-10 s                  ; 3.59e-10 s                  ; No                         ; Yes                        ; 2.32 V                      ; 4.49e-09 V                  ; 2.38 V             ; -0.00552 V         ; 0.096 V                             ; 0.019 V                             ; 4.18e-10 s                 ; 3.59e-10 s                 ; No                        ; Yes                       ;
; LEDR[14]      ; 2.5 V        ; 0 s                 ; 0 s                 ; 2.32 V                       ; 4.49e-09 V                   ; 2.38 V              ; -0.00552 V          ; 0.096 V                              ; 0.019 V                              ; 4.18e-10 s                  ; 3.59e-10 s                  ; No                         ; Yes                        ; 2.32 V                      ; 4.49e-09 V                  ; 2.38 V             ; -0.00552 V         ; 0.096 V                             ; 0.019 V                             ; 4.18e-10 s                 ; 3.59e-10 s                 ; No                        ; Yes                       ;
; LEDR[15]      ; 2.5 V        ; 0 s                 ; 0 s                 ; 2.32 V                       ; 4.49e-09 V                   ; 2.33 V              ; -0.00467 V          ; 0.226 V                              ; 0.087 V                              ; 2.91e-09 s                  ; 2.74e-09 s                  ; Yes                        ; Yes                        ; 2.32 V                      ; 4.49e-09 V                  ; 2.33 V             ; -0.00467 V         ; 0.226 V                             ; 0.087 V                             ; 2.91e-09 s                 ; 2.74e-09 s                 ; Yes                       ; Yes                       ;
; LEDR[16]      ; 2.5 V        ; 0 s                 ; 0 s                 ; 2.32 V                       ; 4.49e-09 V                   ; 2.38 V              ; -0.00552 V          ; 0.096 V                              ; 0.019 V                              ; 4.18e-10 s                  ; 3.59e-10 s                  ; No                         ; Yes                        ; 2.32 V                      ; 4.49e-09 V                  ; 2.38 V             ; -0.00552 V         ; 0.096 V                             ; 0.019 V                             ; 4.18e-10 s                 ; 3.59e-10 s                 ; No                        ; Yes                       ;
; LEDR[17]      ; 2.5 V        ; 0 s                 ; 0 s                 ; 2.32 V                       ; 4.49e-09 V                   ; 2.38 V              ; -0.00552 V          ; 0.096 V                              ; 0.019 V                              ; 4.18e-10 s                  ; 3.59e-10 s                  ; No                         ; Yes                        ; 2.32 V                      ; 4.49e-09 V                  ; 2.38 V             ; -0.00552 V         ; 0.096 V                             ; 0.019 V                             ; 4.18e-10 s                 ; 3.59e-10 s                 ; No                        ; Yes                       ;
; LEDG[0]       ; 2.5 V        ; 0 s                 ; 0 s                 ; 2.32 V                       ; 4.49e-09 V                   ; 2.38 V              ; -0.00552 V          ; 0.096 V                              ; 0.019 V                              ; 4.18e-10 s                  ; 3.59e-10 s                  ; No                         ; Yes                        ; 2.32 V                      ; 4.49e-09 V                  ; 2.38 V             ; -0.00552 V         ; 0.096 V                             ; 0.019 V                             ; 4.18e-10 s                 ; 3.59e-10 s                 ; No                        ; Yes                       ;
; LEDG[1]       ; 2.5 V        ; 0 s                 ; 0 s                 ; 2.32 V                       ; 4.49e-09 V                   ; 2.38 V              ; -0.00552 V          ; 0.096 V                              ; 0.019 V                              ; 4.18e-10 s                  ; 3.59e-10 s                  ; No                         ; Yes                        ; 2.32 V                      ; 4.49e-09 V                  ; 2.38 V             ; -0.00552 V         ; 0.096 V                             ; 0.019 V                             ; 4.18e-10 s                 ; 3.59e-10 s                 ; No                        ; Yes                       ;
; LEDG[2]       ; 2.5 V        ; 0 s                 ; 0 s                 ; 2.32 V                       ; 4.49e-09 V                   ; 2.38 V              ; -0.00552 V          ; 0.096 V                              ; 0.019 V                              ; 4.18e-10 s                  ; 3.59e-10 s                  ; No                         ; Yes                        ; 2.32 V                      ; 4.49e-09 V                  ; 2.38 V             ; -0.00552 V         ; 0.096 V                             ; 0.019 V                             ; 4.18e-10 s                 ; 3.59e-10 s                 ; No                        ; Yes                       ;
; LEDG[3]       ; 2.5 V        ; 0 s                 ; 0 s                 ; 2.32 V                       ; 4.49e-09 V                   ; 2.38 V              ; -0.00552 V          ; 0.096 V                              ; 0.019 V                              ; 4.18e-10 s                  ; 3.59e-10 s                  ; No                         ; Yes                        ; 2.32 V                      ; 4.49e-09 V                  ; 2.38 V             ; -0.00552 V         ; 0.096 V                             ; 0.019 V                             ; 4.18e-10 s                 ; 3.59e-10 s                 ; No                        ; Yes                       ;
; LEDG[4]       ; 2.5 V        ; 0 s                 ; 0 s                 ; 2.32 V                       ; 4.49e-09 V                   ; 2.38 V              ; -0.00552 V          ; 0.096 V                              ; 0.019 V                              ; 4.18e-10 s                  ; 3.59e-10 s                  ; No                         ; Yes                        ; 2.32 V                      ; 4.49e-09 V                  ; 2.38 V             ; -0.00552 V         ; 0.096 V                             ; 0.019 V                             ; 4.18e-10 s                 ; 3.59e-10 s                 ; No                        ; Yes                       ;
; LEDG[5]       ; 2.5 V        ; 0 s                 ; 0 s                 ; 2.32 V                       ; 4.49e-09 V                   ; 2.38 V              ; -0.00552 V          ; 0.096 V                              ; 0.019 V                              ; 4.18e-10 s                  ; 3.59e-10 s                  ; No                         ; Yes                        ; 2.32 V                      ; 4.49e-09 V                  ; 2.38 V             ; -0.00552 V         ; 0.096 V                             ; 0.019 V                             ; 4.18e-10 s                 ; 3.59e-10 s                 ; No                        ; Yes                       ;
; LEDG[6]       ; 2.5 V        ; 0 s                 ; 0 s                 ; 2.32 V                       ; 4.49e-09 V                   ; 2.38 V              ; -0.00552 V          ; 0.096 V                              ; 0.019 V                              ; 4.18e-10 s                  ; 3.59e-10 s                  ; No                         ; Yes                        ; 2.32 V                      ; 4.49e-09 V                  ; 2.38 V             ; -0.00552 V         ; 0.096 V                             ; 0.019 V                             ; 4.18e-10 s                 ; 3.59e-10 s                 ; No                        ; Yes                       ;
; LEDG[7]       ; 2.5 V        ; 0 s                 ; 0 s                 ; 2.32 V                       ; 4.49e-09 V                   ; 2.38 V              ; -0.00552 V          ; 0.096 V                              ; 0.019 V                              ; 4.18e-10 s                  ; 3.59e-10 s                  ; No                         ; Yes                        ; 2.32 V                      ; 4.49e-09 V                  ; 2.38 V             ; -0.00552 V         ; 0.096 V                             ; 0.019 V                             ; 4.18e-10 s                 ; 3.59e-10 s                 ; No                        ; Yes                       ;
; LEDG[8]       ; 2.5 V        ; 0 s                 ; 0 s                 ; 2.32 V                       ; 4.49e-09 V                   ; 2.38 V              ; -0.00552 V          ; 0.096 V                              ; 0.019 V                              ; 4.18e-10 s                  ; 3.59e-10 s                  ; No                         ; Yes                        ; 2.32 V                      ; 4.49e-09 V                  ; 2.38 V             ; -0.00552 V         ; 0.096 V                             ; 0.019 V                             ; 4.18e-10 s                 ; 3.59e-10 s                 ; No                        ; Yes                       ;
; UART_TXD      ; 2.5 V        ; 0 s                 ; 0 s                 ; 2.32 V                       ; 4.49e-09 V                   ; 2.33 V              ; -0.00467 V          ; 0.226 V                              ; 0.087 V                              ; 2.91e-09 s                  ; 2.74e-09 s                  ; Yes                        ; Yes                        ; 2.32 V                      ; 4.49e-09 V                  ; 2.33 V             ; -0.00467 V         ; 0.226 V                             ; 0.087 V                             ; 2.91e-09 s                 ; 2.74e-09 s                 ; Yes                       ; Yes                       ;
; ~ALTERA_DCLK~ ; 2.5 V        ; 0 s                 ; 0 s                 ; 2.32 V                       ; 2.67e-09 V                   ; 2.38 V              ; -0.0485 V           ; 0.167 V                              ; 0.096 V                              ; 2.95e-10 s                  ; 2.73e-10 s                  ; Yes                        ; Yes                        ; 2.32 V                      ; 2.67e-09 V                  ; 2.38 V             ; -0.0485 V          ; 0.167 V                             ; 0.096 V                             ; 2.95e-10 s                 ; 2.73e-10 s                 ; Yes                       ; Yes                       ;
; ~ALTERA_nCEO~ ; 2.5 V        ; 0 s                 ; 0 s                 ; 2.32 V                       ; 4.18e-09 V                   ; 2.38 V              ; -0.00483 V          ; 0.152 V                              ; 0.012 V                              ; 4.81e-10 s                  ; 6.29e-10 s                  ; Yes                        ; Yes                        ; 2.32 V                      ; 4.18e-09 V                  ; 2.38 V             ; -0.00483 V         ; 0.152 V                             ; 0.012 V                             ; 4.81e-10 s                 ; 6.29e-10 s                 ; Yes                       ; Yes                       ;
+---------------+--------------+---------------------+---------------------+------------------------------+------------------------------+---------------------+---------------------+--------------------------------------+--------------------------------------+-----------------------------+-----------------------------+----------------------------+----------------------------+-----------------------------+-----------------------------+--------------------+--------------------+-------------------------------------+-------------------------------------+----------------------------+----------------------------+---------------------------+---------------------------+


+--------------------------------------------------------------------------------------------------------------------------------------------------------------------------------------------------------------------------------------------------------------------------------------------------------------------------------------------------------------------------------------------------------------------------------------------------------------------------------------------------------------------------------------------------------------------------------------------------------------------------------------------------------------------------------------------+
; Signal Integrity Metrics (Slow 1200mv 85c Model)                                                                                                                                                                                                                                                                                                                                                                                                                                                                                                                                                                                                                                           ;
+---------------+--------------+---------------------+---------------------+------------------------------+------------------------------+---------------------+---------------------+--------------------------------------+--------------------------------------+-----------------------------+-----------------------------+----------------------------+----------------------------+-----------------------------+-----------------------------+--------------------+--------------------+-------------------------------------+-------------------------------------+----------------------------+----------------------------+---------------------------+---------------------------+
; Pin           ; I/O Standard ; Board Delay on Rise ; Board Delay on Fall ; Steady State Voh at FPGA Pin ; Steady State Vol at FPGA Pin ; Voh Max at FPGA Pin ; Vol Min at FPGA Pin ; Ringback Voltage on Rise at FPGA Pin ; Ringback Voltage on Fall at FPGA Pin ; 10-90 Rise Time at FPGA Pin ; 90-10 Fall Time at FPGA Pin ; Monotonic Rise at FPGA Pin ; Monotonic Fall at FPGA Pin ; Steady State Voh at Far-end ; Steady State Vol at Far-end ; Voh Max at Far-end ; Vol Min at Far-end ; Ringback Voltage on Rise at Far-end ; Ringback Voltage on Fall at Far-end ; 10-90 Rise Time at Far-end ; 90-10 Fall Time at Far-end ; Monotonic Rise at Far-end ; Monotonic Fall at Far-end ;
+---------------+--------------+---------------------+---------------------+------------------------------+------------------------------+---------------------+---------------------+--------------------------------------+--------------------------------------+-----------------------------+-----------------------------+----------------------------+----------------------------+-----------------------------+-----------------------------+--------------------+--------------------+-------------------------------------+-------------------------------------+----------------------------+----------------------------+---------------------------+---------------------------+
; PC[0]         ; 2.5 V        ; 0 s                 ; 0 s                 ; 2.32 V                       ; 6.92e-07 V                   ; 2.35 V              ; -0.00996 V          ; 0.121 V                              ; 0.03 V                               ; 4.64e-10 s                  ; 4.47e-10 s                  ; Yes                        ; Yes                        ; 2.32 V                      ; 6.92e-07 V                  ; 2.35 V             ; -0.00996 V         ; 0.121 V                             ; 0.03 V                              ; 4.64e-10 s                 ; 4.47e-10 s                 ; Yes                       ; Yes                       ;
; PC[1]         ; 2.5 V        ; 0 s                 ; 0 s                 ; 2.32 V                       ; 6.92e-07 V                   ; 2.35 V              ; -0.00996 V          ; 0.121 V                              ; 0.03 V                               ; 4.64e-10 s                  ; 4.47e-10 s                  ; Yes                        ; Yes                        ; 2.32 V                      ; 6.92e-07 V                  ; 2.35 V             ; -0.00996 V         ; 0.121 V                             ; 0.03 V                              ; 4.64e-10 s                 ; 4.47e-10 s                 ; Yes                       ; Yes                       ;
; PC[2]         ; 2.5 V        ; 0 s                 ; 0 s                 ; 2.32 V                       ; 6.92e-07 V                   ; 2.35 V              ; -0.00996 V          ; 0.121 V                              ; 0.03 V                               ; 4.64e-10 s                  ; 4.47e-10 s                  ; Yes                        ; Yes                        ; 2.32 V                      ; 6.92e-07 V                  ; 2.35 V             ; -0.00996 V         ; 0.121 V                             ; 0.03 V                              ; 4.64e-10 s                 ; 4.47e-10 s                 ; Yes                       ; Yes                       ;
; PC[3]         ; 2.5 V        ; 0 s                 ; 0 s                 ; 2.32 V                       ; 6.92e-07 V                   ; 2.35 V              ; -0.00996 V          ; 0.121 V                              ; 0.03 V                               ; 4.64e-10 s                  ; 4.47e-10 s                  ; Yes                        ; Yes                        ; 2.32 V                      ; 6.92e-07 V                  ; 2.35 V             ; -0.00996 V         ; 0.121 V                             ; 0.03 V                              ; 4.64e-10 s                 ; 4.47e-10 s                 ; Yes                       ; Yes                       ;
; PC[4]         ; 2.5 V        ; 0 s                 ; 0 s                 ; 2.32 V                       ; 6.92e-07 V                   ; 2.35 V              ; -0.00996 V          ; 0.121 V                              ; 0.03 V                               ; 4.64e-10 s                  ; 4.47e-10 s                  ; Yes                        ; Yes                        ; 2.32 V                      ; 6.92e-07 V                  ; 2.35 V             ; -0.00996 V         ; 0.121 V                             ; 0.03 V                              ; 4.64e-10 s                 ; 4.47e-10 s                 ; Yes                       ; Yes                       ;
; PC[5]         ; 2.5 V        ; 0 s                 ; 0 s                 ; 2.32 V                       ; 6.92e-07 V                   ; 2.35 V              ; -0.00996 V          ; 0.121 V                              ; 0.03 V                               ; 4.64e-10 s                  ; 4.47e-10 s                  ; Yes                        ; Yes                        ; 2.32 V                      ; 6.92e-07 V                  ; 2.35 V             ; -0.00996 V         ; 0.121 V                             ; 0.03 V                              ; 4.64e-10 s                 ; 4.47e-10 s                 ; Yes                       ; Yes                       ;
; PC[6]         ; 2.5 V        ; 0 s                 ; 0 s                 ; 2.32 V                       ; 6.92e-07 V                   ; 2.35 V              ; -0.00996 V          ; 0.121 V                              ; 0.03 V                               ; 4.64e-10 s                  ; 4.47e-10 s                  ; Yes                        ; Yes                        ; 2.32 V                      ; 6.92e-07 V                  ; 2.35 V             ; -0.00996 V         ; 0.121 V                             ; 0.03 V                              ; 4.64e-10 s                 ; 4.47e-10 s                 ; Yes                       ; Yes                       ;
; PC[7]         ; 2.5 V        ; 0 s                 ; 0 s                 ; 2.32 V                       ; 6.92e-07 V                   ; 2.33 V              ; -0.00265 V          ; 0.133 V                              ; 0.056 V                              ; 3.55e-09 s                  ; 3.31e-09 s                  ; Yes                        ; Yes                        ; 2.32 V                      ; 6.92e-07 V                  ; 2.33 V             ; -0.00265 V         ; 0.133 V                             ; 0.056 V                             ; 3.55e-09 s                 ; 3.31e-09 s                 ; Yes                       ; Yes                       ;
; PC[8]         ; 2.5 V        ; 0 s                 ; 0 s                 ; 2.32 V                       ; 6.92e-07 V                   ; 2.35 V              ; -0.00996 V          ; 0.121 V                              ; 0.03 V                               ; 4.64e-10 s                  ; 4.47e-10 s                  ; Yes                        ; Yes                        ; 2.32 V                      ; 6.92e-07 V                  ; 2.35 V             ; -0.00996 V         ; 0.121 V                             ; 0.03 V                              ; 4.64e-10 s                 ; 4.47e-10 s                 ; Yes                       ; Yes                       ;
; PC[9]         ; 2.5 V        ; 0 s                 ; 0 s                 ; 2.32 V                       ; 6.92e-07 V                   ; 2.35 V              ; -0.00996 V          ; 0.121 V                              ; 0.03 V                               ; 4.64e-10 s                  ; 4.47e-10 s                  ; Yes                        ; Yes                        ; 2.32 V                      ; 6.92e-07 V                  ; 2.35 V             ; -0.00996 V         ; 0.121 V                             ; 0.03 V                              ; 4.64e-10 s                 ; 4.47e-10 s                 ; Yes                       ; Yes                       ;
; PC[10]        ; 2.5 V        ; 0 s                 ; 0 s                 ; 2.32 V                       ; 6.92e-07 V                   ; 2.35 V              ; -0.00996 V          ; 0.121 V                              ; 0.03 V                               ; 4.64e-10 s                  ; 4.47e-10 s                  ; Yes                        ; Yes                        ; 2.32 V                      ; 6.92e-07 V                  ; 2.35 V             ; -0.00996 V         ; 0.121 V                             ; 0.03 V                              ; 4.64e-10 s                 ; 4.47e-10 s                 ; Yes                       ; Yes                       ;
; PC[11]        ; 2.5 V        ; 0 s                 ; 0 s                 ; 2.32 V                       ; 6.92e-07 V                   ; 2.35 V              ; -0.00996 V          ; 0.121 V                              ; 0.03 V                               ; 4.64e-10 s                  ; 4.47e-10 s                  ; Yes                        ; Yes                        ; 2.32 V                      ; 6.92e-07 V                  ; 2.35 V             ; -0.00996 V         ; 0.121 V                             ; 0.03 V                              ; 4.64e-10 s                 ; 4.47e-10 s                 ; Yes                       ; Yes                       ;
; PC[12]        ; 2.5 V        ; 0 s                 ; 0 s                 ; 2.32 V                       ; 6.92e-07 V                   ; 2.35 V              ; -0.00996 V          ; 0.121 V                              ; 0.03 V                               ; 4.64e-10 s                  ; 4.47e-10 s                  ; Yes                        ; Yes                        ; 2.32 V                      ; 6.92e-07 V                  ; 2.35 V             ; -0.00996 V         ; 0.121 V                             ; 0.03 V                              ; 4.64e-10 s                 ; 4.47e-10 s                 ; Yes                       ; Yes                       ;
; PC[13]        ; 2.5 V        ; 0 s                 ; 0 s                 ; 2.32 V                       ; 6.92e-07 V                   ; 2.35 V              ; -0.00996 V          ; 0.121 V                              ; 0.03 V                               ; 4.64e-10 s                  ; 4.47e-10 s                  ; Yes                        ; Yes                        ; 2.32 V                      ; 6.92e-07 V                  ; 2.35 V             ; -0.00996 V         ; 0.121 V                             ; 0.03 V                              ; 4.64e-10 s                 ; 4.47e-10 s                 ; Yes                       ; Yes                       ;
; PC[14]        ; 2.5 V        ; 0 s                 ; 0 s                 ; 2.32 V                       ; 6.92e-07 V                   ; 2.35 V              ; -0.00996 V          ; 0.121 V                              ; 0.03 V                               ; 4.64e-10 s                  ; 4.47e-10 s                  ; Yes                        ; Yes                        ; 2.32 V                      ; 6.92e-07 V                  ; 2.35 V             ; -0.00996 V         ; 0.121 V                             ; 0.03 V                              ; 4.64e-10 s                 ; 4.47e-10 s                 ; Yes                       ; Yes                       ;
; PC[15]        ; 2.5 V        ; 0 s                 ; 0 s                 ; 2.32 V                       ; 6.92e-07 V                   ; 2.35 V              ; -0.00996 V          ; 0.121 V                              ; 0.03 V                               ; 4.64e-10 s                  ; 4.47e-10 s                  ; Yes                        ; Yes                        ; 2.32 V                      ; 6.92e-07 V                  ; 2.35 V             ; -0.00996 V         ; 0.121 V                             ; 0.03 V                              ; 4.64e-10 s                 ; 4.47e-10 s                 ; Yes                       ; Yes                       ;
; PC[16]        ; 2.5 V        ; 0 s                 ; 0 s                 ; 2.32 V                       ; 6.92e-07 V                   ; 2.35 V              ; -0.00996 V          ; 0.121 V                              ; 0.03 V                               ; 4.64e-10 s                  ; 4.47e-10 s                  ; Yes                        ; Yes                        ; 2.32 V                      ; 6.92e-07 V                  ; 2.35 V             ; -0.00996 V         ; 0.121 V                             ; 0.03 V                              ; 4.64e-10 s                 ; 4.47e-10 s                 ; Yes                       ; Yes                       ;
; PC[17]        ; 2.5 V        ; 0 s                 ; 0 s                 ; 2.32 V                       ; 6.92e-07 V                   ; 2.35 V              ; -0.00996 V          ; 0.121 V                              ; 0.03 V                               ; 4.64e-10 s                  ; 4.47e-10 s                  ; Yes                        ; Yes                        ; 2.32 V                      ; 6.92e-07 V                  ; 2.35 V             ; -0.00996 V         ; 0.121 V                             ; 0.03 V                              ; 4.64e-10 s                 ; 4.47e-10 s                 ; Yes                       ; Yes                       ;
; PC[18]        ; 2.5 V        ; 0 s                 ; 0 s                 ; 2.32 V                       ; 6.92e-07 V                   ; 2.35 V              ; -0.00996 V          ; 0.121 V                              ; 0.03 V                               ; 4.64e-10 s                  ; 4.47e-10 s                  ; Yes                        ; Yes                        ; 2.32 V                      ; 6.92e-07 V                  ; 2.35 V             ; -0.00996 V         ; 0.121 V                             ; 0.03 V                              ; 4.64e-10 s                 ; 4.47e-10 s                 ; Yes                       ; Yes                       ;
; PC[19]        ; 2.5 V        ; 0 s                 ; 0 s                 ; 2.32 V                       ; 6.92e-07 V                   ; 2.35 V              ; -0.00996 V          ; 0.121 V                              ; 0.03 V                               ; 4.64e-10 s                  ; 4.47e-10 s                  ; Yes                        ; Yes                        ; 2.32 V                      ; 6.92e-07 V                  ; 2.35 V             ; -0.00996 V         ; 0.121 V                             ; 0.03 V                              ; 4.64e-10 s                 ; 4.47e-10 s                 ; Yes                       ; Yes                       ;
; PC[20]        ; 2.5 V        ; 0 s                 ; 0 s                 ; 2.32 V                       ; 6.92e-07 V                   ; 2.35 V              ; -0.00996 V          ; 0.121 V                              ; 0.03 V                               ; 4.64e-10 s                  ; 4.47e-10 s                  ; Yes                        ; Yes                        ; 2.32 V                      ; 6.92e-07 V                  ; 2.35 V             ; -0.00996 V         ; 0.121 V                             ; 0.03 V                              ; 4.64e-10 s                 ; 4.47e-10 s                 ; Yes                       ; Yes                       ;
; PC[21]        ; 2.5 V        ; 0 s                 ; 0 s                 ; 2.32 V                       ; 6.92e-07 V                   ; 2.35 V              ; -0.00996 V          ; 0.121 V                              ; 0.03 V                               ; 4.64e-10 s                  ; 4.47e-10 s                  ; Yes                        ; Yes                        ; 2.32 V                      ; 6.92e-07 V                  ; 2.35 V             ; -0.00996 V         ; 0.121 V                             ; 0.03 V                              ; 4.64e-10 s                 ; 4.47e-10 s                 ; Yes                       ; Yes                       ;
; PC[22]        ; 2.5 V        ; 0 s                 ; 0 s                 ; 2.32 V                       ; 6.92e-07 V                   ; 2.35 V              ; -0.00996 V          ; 0.121 V                              ; 0.03 V                               ; 4.64e-10 s                  ; 4.47e-10 s                  ; Yes                        ; Yes                        ; 2.32 V                      ; 6.92e-07 V                  ; 2.35 V             ; -0.00996 V         ; 0.121 V                             ; 0.03 V                              ; 4.64e-10 s                 ; 4.47e-10 s                 ; Yes                       ; Yes                       ;
; PC[23]        ; 2.5 V        ; 0 s                 ; 0 s                 ; 2.32 V                       ; 6.92e-07 V                   ; 2.35 V              ; -0.00996 V          ; 0.121 V                              ; 0.03 V                               ; 4.64e-10 s                  ; 4.47e-10 s                  ; Yes                        ; Yes                        ; 2.32 V                      ; 6.92e-07 V                  ; 2.35 V             ; -0.00996 V         ; 0.121 V                             ; 0.03 V                              ; 4.64e-10 s                 ; 4.47e-10 s                 ; Yes                       ; Yes                       ;
; PC[24]        ; 2.5 V        ; 0 s                 ; 0 s                 ; 2.32 V                       ; 6.92e-07 V                   ; 2.35 V              ; -0.00996 V          ; 0.121 V                              ; 0.03 V                               ; 4.64e-10 s                  ; 4.47e-10 s                  ; Yes                        ; Yes                        ; 2.32 V                      ; 6.92e-07 V                  ; 2.35 V             ; -0.00996 V         ; 0.121 V                             ; 0.03 V                              ; 4.64e-10 s                 ; 4.47e-10 s                 ; Yes                       ; Yes                       ;
; PC[25]        ; 2.5 V        ; 0 s                 ; 0 s                 ; 2.32 V                       ; 6.92e-07 V                   ; 2.35 V              ; -0.00996 V          ; 0.121 V                              ; 0.03 V                               ; 4.64e-10 s                  ; 4.47e-10 s                  ; Yes                        ; Yes                        ; 2.32 V                      ; 6.92e-07 V                  ; 2.35 V             ; -0.00996 V         ; 0.121 V                             ; 0.03 V                              ; 4.64e-10 s                 ; 4.47e-10 s                 ; Yes                       ; Yes                       ;
; PC[26]        ; 2.5 V        ; 0 s                 ; 0 s                 ; 2.32 V                       ; 6.92e-07 V                   ; 2.35 V              ; -0.00996 V          ; 0.121 V                              ; 0.03 V                               ; 4.64e-10 s                  ; 4.47e-10 s                  ; Yes                        ; Yes                        ; 2.32 V                      ; 6.92e-07 V                  ; 2.35 V             ; -0.00996 V         ; 0.121 V                             ; 0.03 V                              ; 4.64e-10 s                 ; 4.47e-10 s                 ; Yes                       ; Yes                       ;
; PC[27]        ; 2.5 V        ; 0 s                 ; 0 s                 ; 2.32 V                       ; 6.92e-07 V                   ; 2.35 V              ; -0.00996 V          ; 0.121 V                              ; 0.03 V                               ; 4.64e-10 s                  ; 4.47e-10 s                  ; Yes                        ; Yes                        ; 2.32 V                      ; 6.92e-07 V                  ; 2.35 V             ; -0.00996 V         ; 0.121 V                             ; 0.03 V                              ; 4.64e-10 s                 ; 4.47e-10 s                 ; Yes                       ; Yes                       ;
; PC[28]        ; 2.5 V        ; 0 s                 ; 0 s                 ; 2.32 V                       ; 6.92e-07 V                   ; 2.35 V              ; -0.00996 V          ; 0.121 V                              ; 0.03 V                               ; 4.64e-10 s                  ; 4.47e-10 s                  ; Yes                        ; Yes                        ; 2.32 V                      ; 6.92e-07 V                  ; 2.35 V             ; -0.00996 V         ; 0.121 V                             ; 0.03 V                              ; 4.64e-10 s                 ; 4.47e-10 s                 ; Yes                       ; Yes                       ;
; PC[29]        ; 2.5 V        ; 0 s                 ; 0 s                 ; 2.32 V                       ; 6.92e-07 V                   ; 2.35 V              ; -0.00996 V          ; 0.121 V                              ; 0.03 V                               ; 4.64e-10 s                  ; 4.47e-10 s                  ; Yes                        ; Yes                        ; 2.32 V                      ; 6.92e-07 V                  ; 2.35 V             ; -0.00996 V         ; 0.121 V                             ; 0.03 V                              ; 4.64e-10 s                 ; 4.47e-10 s                 ; Yes                       ; Yes                       ;
; PC[30]        ; 2.5 V        ; 0 s                 ; 0 s                 ; 2.32 V                       ; 6.92e-07 V                   ; 2.35 V              ; -0.00996 V          ; 0.121 V                              ; 0.03 V                               ; 4.64e-10 s                  ; 4.47e-10 s                  ; Yes                        ; Yes                        ; 2.32 V                      ; 6.92e-07 V                  ; 2.35 V             ; -0.00996 V         ; 0.121 V                             ; 0.03 V                              ; 4.64e-10 s                 ; 4.47e-10 s                 ; Yes                       ; Yes                       ;
; PC[31]        ; 2.5 V        ; 0 s                 ; 0 s                 ; 2.32 V                       ; 6.92e-07 V                   ; 2.35 V              ; -0.00996 V          ; 0.121 V                              ; 0.03 V                               ; 4.64e-10 s                  ; 4.47e-10 s                  ; Yes                        ; Yes                        ; 2.32 V                      ; 6.92e-07 V                  ; 2.35 V             ; -0.00996 V         ; 0.121 V                             ; 0.03 V                              ; 4.64e-10 s                 ; 4.47e-10 s                 ; Yes                       ; Yes                       ;
; LEDR[0]       ; 2.5 V        ; 0 s                 ; 0 s                 ; 2.32 V                       ; 6.92e-07 V                   ; 2.35 V              ; -0.00996 V          ; 0.121 V                              ; 0.03 V                               ; 4.64e-10 s                  ; 4.47e-10 s                  ; Yes                        ; Yes                        ; 2.32 V                      ; 6.92e-07 V                  ; 2.35 V             ; -0.00996 V         ; 0.121 V                             ; 0.03 V                              ; 4.64e-10 s                 ; 4.47e-10 s                 ; Yes                       ; Yes                       ;
; LEDR[1]       ; 2.5 V        ; 0 s                 ; 0 s                 ; 2.32 V                       ; 6.92e-07 V                   ; 2.35 V              ; -0.00996 V          ; 0.121 V                              ; 0.03 V                               ; 4.64e-10 s                  ; 4.47e-10 s                  ; Yes                        ; Yes                        ; 2.32 V                      ; 6.92e-07 V                  ; 2.35 V             ; -0.00996 V         ; 0.121 V                             ; 0.03 V                              ; 4.64e-10 s                 ; 4.47e-10 s                 ; Yes                       ; Yes                       ;
; LEDR[2]       ; 2.5 V        ; 0 s                 ; 0 s                 ; 2.32 V                       ; 6.92e-07 V                   ; 2.35 V              ; -0.00996 V          ; 0.121 V                              ; 0.03 V                               ; 4.64e-10 s                  ; 4.47e-10 s                  ; Yes                        ; Yes                        ; 2.32 V                      ; 6.92e-07 V                  ; 2.35 V             ; -0.00996 V         ; 0.121 V                             ; 0.03 V                              ; 4.64e-10 s                 ; 4.47e-10 s                 ; Yes                       ; Yes                       ;
; LEDR[3]       ; 2.5 V        ; 0 s                 ; 0 s                 ; 2.32 V                       ; 6.92e-07 V                   ; 2.35 V              ; -0.00996 V          ; 0.121 V                              ; 0.03 V                               ; 4.64e-10 s                  ; 4.47e-10 s                  ; Yes                        ; Yes                        ; 2.32 V                      ; 6.92e-07 V                  ; 2.35 V             ; -0.00996 V         ; 0.121 V                             ; 0.03 V                              ; 4.64e-10 s                 ; 4.47e-10 s                 ; Yes                       ; Yes                       ;
; LEDR[4]       ; 2.5 V        ; 0 s                 ; 0 s                 ; 2.32 V                       ; 6.92e-07 V                   ; 2.35 V              ; -0.00996 V          ; 0.121 V                              ; 0.03 V                               ; 4.64e-10 s                  ; 4.47e-10 s                  ; Yes                        ; Yes                        ; 2.32 V                      ; 6.92e-07 V                  ; 2.35 V             ; -0.00996 V         ; 0.121 V                             ; 0.03 V                              ; 4.64e-10 s                 ; 4.47e-10 s                 ; Yes                       ; Yes                       ;
; LEDR[5]       ; 2.5 V        ; 0 s                 ; 0 s                 ; 2.32 V                       ; 6.92e-07 V                   ; 2.35 V              ; -0.00996 V          ; 0.121 V                              ; 0.03 V                               ; 4.64e-10 s                  ; 4.47e-10 s                  ; Yes                        ; Yes                        ; 2.32 V                      ; 6.92e-07 V                  ; 2.35 V             ; -0.00996 V         ; 0.121 V                             ; 0.03 V                              ; 4.64e-10 s                 ; 4.47e-10 s                 ; Yes                       ; Yes                       ;
; LEDR[6]       ; 2.5 V        ; 0 s                 ; 0 s                 ; 2.32 V                       ; 6.92e-07 V                   ; 2.35 V              ; -0.00996 V          ; 0.121 V                              ; 0.03 V                               ; 4.64e-10 s                  ; 4.47e-10 s                  ; Yes                        ; Yes                        ; 2.32 V                      ; 6.92e-07 V                  ; 2.35 V             ; -0.00996 V         ; 0.121 V                             ; 0.03 V                              ; 4.64e-10 s                 ; 4.47e-10 s                 ; Yes                       ; Yes                       ;
; LEDR[7]       ; 2.5 V        ; 0 s                 ; 0 s                 ; 2.32 V                       ; 6.92e-07 V                   ; 2.35 V              ; -0.00996 V          ; 0.121 V                              ; 0.03 V                               ; 4.64e-10 s                  ; 4.47e-10 s                  ; Yes                        ; Yes                        ; 2.32 V                      ; 6.92e-07 V                  ; 2.35 V             ; -0.00996 V         ; 0.121 V                             ; 0.03 V                              ; 4.64e-10 s                 ; 4.47e-10 s                 ; Yes                       ; Yes                       ;
; LEDR[8]       ; 2.5 V        ; 0 s                 ; 0 s                 ; 2.32 V                       ; 6.92e-07 V                   ; 2.35 V              ; -0.00996 V          ; 0.121 V                              ; 0.03 V                               ; 4.64e-10 s                  ; 4.47e-10 s                  ; Yes                        ; Yes                        ; 2.32 V                      ; 6.92e-07 V                  ; 2.35 V             ; -0.00996 V         ; 0.121 V                             ; 0.03 V                              ; 4.64e-10 s                 ; 4.47e-10 s                 ; Yes                       ; Yes                       ;
; LEDR[9]       ; 2.5 V        ; 0 s                 ; 0 s                 ; 2.32 V                       ; 6.92e-07 V                   ; 2.33 V              ; -0.00265 V          ; 0.133 V                              ; 0.056 V                              ; 3.55e-09 s                  ; 3.31e-09 s                  ; Yes                        ; Yes                        ; 2.32 V                      ; 6.92e-07 V                  ; 2.33 V             ; -0.00265 V         ; 0.133 V                             ; 0.056 V                             ; 3.55e-09 s                 ; 3.31e-09 s                 ; Yes                       ; Yes                       ;
; LEDR[10]      ; 2.5 V        ; 0 s                 ; 0 s                 ; 2.32 V                       ; 6.92e-07 V                   ; 2.35 V              ; -0.00996 V          ; 0.121 V                              ; 0.03 V                               ; 4.64e-10 s                  ; 4.47e-10 s                  ; Yes                        ; Yes                        ; 2.32 V                      ; 6.92e-07 V                  ; 2.35 V             ; -0.00996 V         ; 0.121 V                             ; 0.03 V                              ; 4.64e-10 s                 ; 4.47e-10 s                 ; Yes                       ; Yes                       ;
; LEDR[11]      ; 2.5 V        ; 0 s                 ; 0 s                 ; 2.32 V                       ; 6.92e-07 V                   ; 2.35 V              ; -0.00996 V          ; 0.121 V                              ; 0.03 V                               ; 4.64e-10 s                  ; 4.47e-10 s                  ; Yes                        ; Yes                        ; 2.32 V                      ; 6.92e-07 V                  ; 2.35 V             ; -0.00996 V         ; 0.121 V                             ; 0.03 V                              ; 4.64e-10 s                 ; 4.47e-10 s                 ; Yes                       ; Yes                       ;
; LEDR[12]      ; 2.5 V        ; 0 s                 ; 0 s                 ; 2.32 V                       ; 6.92e-07 V                   ; 2.35 V              ; -0.00996 V          ; 0.121 V                              ; 0.03 V                               ; 4.64e-10 s                  ; 4.47e-10 s                  ; Yes                        ; Yes                        ; 2.32 V                      ; 6.92e-07 V                  ; 2.35 V             ; -0.00996 V         ; 0.121 V                             ; 0.03 V                              ; 4.64e-10 s                 ; 4.47e-10 s                 ; Yes                       ; Yes                       ;
; LEDR[13]      ; 2.5 V        ; 0 s                 ; 0 s                 ; 2.32 V                       ; 6.92e-07 V                   ; 2.35 V              ; -0.00996 V          ; 0.121 V                              ; 0.03 V                               ; 4.64e-10 s                  ; 4.47e-10 s                  ; Yes                        ; Yes                        ; 2.32 V                      ; 6.92e-07 V                  ; 2.35 V             ; -0.00996 V         ; 0.121 V                             ; 0.03 V                              ; 4.64e-10 s                 ; 4.47e-10 s                 ; Yes                       ; Yes                       ;
; LEDR[14]      ; 2.5 V        ; 0 s                 ; 0 s                 ; 2.32 V                       ; 6.92e-07 V                   ; 2.35 V              ; -0.00996 V          ; 0.121 V                              ; 0.03 V                               ; 4.64e-10 s                  ; 4.47e-10 s                  ; Yes                        ; Yes                        ; 2.32 V                      ; 6.92e-07 V                  ; 2.35 V             ; -0.00996 V         ; 0.121 V                             ; 0.03 V                              ; 4.64e-10 s                 ; 4.47e-10 s                 ; Yes                       ; Yes                       ;
; LEDR[15]      ; 2.5 V        ; 0 s                 ; 0 s                 ; 2.32 V                       ; 6.92e-07 V                   ; 2.33 V              ; -0.00265 V          ; 0.133 V                              ; 0.056 V                              ; 3.55e-09 s                  ; 3.31e-09 s                  ; Yes                        ; Yes                        ; 2.32 V                      ; 6.92e-07 V                  ; 2.33 V             ; -0.00265 V         ; 0.133 V                             ; 0.056 V                             ; 3.55e-09 s                 ; 3.31e-09 s                 ; Yes                       ; Yes                       ;
; LEDR[16]      ; 2.5 V        ; 0 s                 ; 0 s                 ; 2.32 V                       ; 6.92e-07 V                   ; 2.35 V              ; -0.00996 V          ; 0.121 V                              ; 0.03 V                               ; 4.64e-10 s                  ; 4.47e-10 s                  ; Yes                        ; Yes                        ; 2.32 V                      ; 6.92e-07 V                  ; 2.35 V             ; -0.00996 V         ; 0.121 V                             ; 0.03 V                              ; 4.64e-10 s                 ; 4.47e-10 s                 ; Yes                       ; Yes                       ;
; LEDR[17]      ; 2.5 V        ; 0 s                 ; 0 s                 ; 2.32 V                       ; 6.92e-07 V                   ; 2.35 V              ; -0.00996 V          ; 0.121 V                              ; 0.03 V                               ; 4.64e-10 s                  ; 4.47e-10 s                  ; Yes                        ; Yes                        ; 2.32 V                      ; 6.92e-07 V                  ; 2.35 V             ; -0.00996 V         ; 0.121 V                             ; 0.03 V                              ; 4.64e-10 s                 ; 4.47e-10 s                 ; Yes                       ; Yes                       ;
; LEDG[0]       ; 2.5 V        ; 0 s                 ; 0 s                 ; 2.32 V                       ; 6.92e-07 V                   ; 2.35 V              ; -0.00996 V          ; 0.121 V                              ; 0.03 V                               ; 4.64e-10 s                  ; 4.47e-10 s                  ; Yes                        ; Yes                        ; 2.32 V                      ; 6.92e-07 V                  ; 2.35 V             ; -0.00996 V         ; 0.121 V                             ; 0.03 V                              ; 4.64e-10 s                 ; 4.47e-10 s                 ; Yes                       ; Yes                       ;
; LEDG[1]       ; 2.5 V        ; 0 s                 ; 0 s                 ; 2.32 V                       ; 6.92e-07 V                   ; 2.35 V              ; -0.00996 V          ; 0.121 V                              ; 0.03 V                               ; 4.64e-10 s                  ; 4.47e-10 s                  ; Yes                        ; Yes                        ; 2.32 V                      ; 6.92e-07 V                  ; 2.35 V             ; -0.00996 V         ; 0.121 V                             ; 0.03 V                              ; 4.64e-10 s                 ; 4.47e-10 s                 ; Yes                       ; Yes                       ;
; LEDG[2]       ; 2.5 V        ; 0 s                 ; 0 s                 ; 2.32 V                       ; 6.92e-07 V                   ; 2.35 V              ; -0.00996 V          ; 0.121 V                              ; 0.03 V                               ; 4.64e-10 s                  ; 4.47e-10 s                  ; Yes                        ; Yes                        ; 2.32 V                      ; 6.92e-07 V                  ; 2.35 V             ; -0.00996 V         ; 0.121 V                             ; 0.03 V                              ; 4.64e-10 s                 ; 4.47e-10 s                 ; Yes                       ; Yes                       ;
; LEDG[3]       ; 2.5 V        ; 0 s                 ; 0 s                 ; 2.32 V                       ; 6.92e-07 V                   ; 2.35 V              ; -0.00996 V          ; 0.121 V                              ; 0.03 V                               ; 4.64e-10 s                  ; 4.47e-10 s                  ; Yes                        ; Yes                        ; 2.32 V                      ; 6.92e-07 V                  ; 2.35 V             ; -0.00996 V         ; 0.121 V                             ; 0.03 V                              ; 4.64e-10 s                 ; 4.47e-10 s                 ; Yes                       ; Yes                       ;
; LEDG[4]       ; 2.5 V        ; 0 s                 ; 0 s                 ; 2.32 V                       ; 6.92e-07 V                   ; 2.35 V              ; -0.00996 V          ; 0.121 V                              ; 0.03 V                               ; 4.64e-10 s                  ; 4.47e-10 s                  ; Yes                        ; Yes                        ; 2.32 V                      ; 6.92e-07 V                  ; 2.35 V             ; -0.00996 V         ; 0.121 V                             ; 0.03 V                              ; 4.64e-10 s                 ; 4.47e-10 s                 ; Yes                       ; Yes                       ;
; LEDG[5]       ; 2.5 V        ; 0 s                 ; 0 s                 ; 2.32 V                       ; 6.92e-07 V                   ; 2.35 V              ; -0.00996 V          ; 0.121 V                              ; 0.03 V                               ; 4.64e-10 s                  ; 4.47e-10 s                  ; Yes                        ; Yes                        ; 2.32 V                      ; 6.92e-07 V                  ; 2.35 V             ; -0.00996 V         ; 0.121 V                             ; 0.03 V                              ; 4.64e-10 s                 ; 4.47e-10 s                 ; Yes                       ; Yes                       ;
; LEDG[6]       ; 2.5 V        ; 0 s                 ; 0 s                 ; 2.32 V                       ; 6.92e-07 V                   ; 2.35 V              ; -0.00996 V          ; 0.121 V                              ; 0.03 V                               ; 4.64e-10 s                  ; 4.47e-10 s                  ; Yes                        ; Yes                        ; 2.32 V                      ; 6.92e-07 V                  ; 2.35 V             ; -0.00996 V         ; 0.121 V                             ; 0.03 V                              ; 4.64e-10 s                 ; 4.47e-10 s                 ; Yes                       ; Yes                       ;
; LEDG[7]       ; 2.5 V        ; 0 s                 ; 0 s                 ; 2.32 V                       ; 6.92e-07 V                   ; 2.35 V              ; -0.00996 V          ; 0.121 V                              ; 0.03 V                               ; 4.64e-10 s                  ; 4.47e-10 s                  ; Yes                        ; Yes                        ; 2.32 V                      ; 6.92e-07 V                  ; 2.35 V             ; -0.00996 V         ; 0.121 V                             ; 0.03 V                              ; 4.64e-10 s                 ; 4.47e-10 s                 ; Yes                       ; Yes                       ;
; LEDG[8]       ; 2.5 V        ; 0 s                 ; 0 s                 ; 2.32 V                       ; 6.92e-07 V                   ; 2.35 V              ; -0.00996 V          ; 0.121 V                              ; 0.03 V                               ; 4.64e-10 s                  ; 4.47e-10 s                  ; Yes                        ; Yes                        ; 2.32 V                      ; 6.92e-07 V                  ; 2.35 V             ; -0.00996 V         ; 0.121 V                             ; 0.03 V                              ; 4.64e-10 s                 ; 4.47e-10 s                 ; Yes                       ; Yes                       ;
; UART_TXD      ; 2.5 V        ; 0 s                 ; 0 s                 ; 2.32 V                       ; 6.92e-07 V                   ; 2.33 V              ; -0.00265 V          ; 0.133 V                              ; 0.056 V                              ; 3.55e-09 s                  ; 3.31e-09 s                  ; Yes                        ; Yes                        ; 2.32 V                      ; 6.92e-07 V                  ; 2.33 V             ; -0.00265 V         ; 0.133 V                             ; 0.056 V                             ; 3.55e-09 s                 ; 3.31e-09 s                 ; Yes                       ; Yes                       ;
; ~ALTERA_DCLK~ ; 2.5 V        ; 0 s                 ; 0 s                 ; 2.32 V                       ; 3.75e-07 V                   ; 2.35 V              ; -0.0109 V           ; 0.084 V                              ; 0.027 V                              ; 4.31e-10 s                  ; 3.61e-10 s                  ; Yes                        ; Yes                        ; 2.32 V                      ; 3.75e-07 V                  ; 2.35 V             ; -0.0109 V          ; 0.084 V                             ; 0.027 V                             ; 4.31e-10 s                 ; 3.61e-10 s                 ; Yes                       ; Yes                       ;
; ~ALTERA_nCEO~ ; 2.5 V        ; 0 s                 ; 0 s                 ; 2.32 V                       ; 6.15e-07 V                   ; 2.35 V              ; -0.00712 V          ; 0.093 V                              ; 0.02 V                               ; 6.21e-10 s                  ; 7.9e-10 s                   ; Yes                        ; Yes                        ; 2.32 V                      ; 6.15e-07 V                  ; 2.35 V             ; -0.00712 V         ; 0.093 V                             ; 0.02 V                              ; 6.21e-10 s                 ; 7.9e-10 s                  ; Yes                       ; Yes                       ;
+---------------+--------------+---------------------+---------------------+------------------------------+------------------------------+---------------------+---------------------+--------------------------------------+--------------------------------------+-----------------------------+-----------------------------+----------------------------+----------------------------+-----------------------------+-----------------------------+--------------------+--------------------+-------------------------------------+-------------------------------------+----------------------------+----------------------------+---------------------------+---------------------------+


+--------------------------------------------------------------------------------------------------------------------------------------------------------------------------------------------------------------------------------------------------------------------------------------------------------------------------------------------------------------------------------------------------------------------------------------------------------------------------------------------------------------------------------------------------------------------------------------------------------------------------------------------------------------------------------------------+
; Signal Integrity Metrics (Fast 1200mv 0c Model)                                                                                                                                                                                                                                                                                                                                                                                                                                                                                                                                                                                                                                            ;
+---------------+--------------+---------------------+---------------------+------------------------------+------------------------------+---------------------+---------------------+--------------------------------------+--------------------------------------+-----------------------------+-----------------------------+----------------------------+----------------------------+-----------------------------+-----------------------------+--------------------+--------------------+-------------------------------------+-------------------------------------+----------------------------+----------------------------+---------------------------+---------------------------+
; Pin           ; I/O Standard ; Board Delay on Rise ; Board Delay on Fall ; Steady State Voh at FPGA Pin ; Steady State Vol at FPGA Pin ; Voh Max at FPGA Pin ; Vol Min at FPGA Pin ; Ringback Voltage on Rise at FPGA Pin ; Ringback Voltage on Fall at FPGA Pin ; 10-90 Rise Time at FPGA Pin ; 90-10 Fall Time at FPGA Pin ; Monotonic Rise at FPGA Pin ; Monotonic Fall at FPGA Pin ; Steady State Voh at Far-end ; Steady State Vol at Far-end ; Voh Max at Far-end ; Vol Min at Far-end ; Ringback Voltage on Rise at Far-end ; Ringback Voltage on Fall at Far-end ; 10-90 Rise Time at Far-end ; 90-10 Fall Time at Far-end ; Monotonic Rise at Far-end ; Monotonic Fall at Far-end ;
+---------------+--------------+---------------------+---------------------+------------------------------+------------------------------+---------------------+---------------------+--------------------------------------+--------------------------------------+-----------------------------+-----------------------------+----------------------------+----------------------------+-----------------------------+-----------------------------+--------------------+--------------------+-------------------------------------+-------------------------------------+----------------------------+----------------------------+---------------------------+---------------------------+
; PC[0]         ; 2.5 V        ; 0 s                 ; 0 s                 ; 2.62 V                       ; 4.05e-08 V                   ; 2.72 V              ; -0.0349 V           ; 0.173 V                              ; 0.1 V                                ; 2.72e-10 s                  ; 2.69e-10 s                  ; Yes                        ; Yes                        ; 2.62 V                      ; 4.05e-08 V                  ; 2.72 V             ; -0.0349 V          ; 0.173 V                             ; 0.1 V                               ; 2.72e-10 s                 ; 2.69e-10 s                 ; Yes                       ; Yes                       ;
; PC[1]         ; 2.5 V        ; 0 s                 ; 0 s                 ; 2.62 V                       ; 4.05e-08 V                   ; 2.72 V              ; -0.0349 V           ; 0.173 V                              ; 0.1 V                                ; 2.72e-10 s                  ; 2.69e-10 s                  ; Yes                        ; Yes                        ; 2.62 V                      ; 4.05e-08 V                  ; 2.72 V             ; -0.0349 V          ; 0.173 V                             ; 0.1 V                               ; 2.72e-10 s                 ; 2.69e-10 s                 ; Yes                       ; Yes                       ;
; PC[2]         ; 2.5 V        ; 0 s                 ; 0 s                 ; 2.62 V                       ; 4.05e-08 V                   ; 2.72 V              ; -0.0349 V           ; 0.173 V                              ; 0.1 V                                ; 2.72e-10 s                  ; 2.69e-10 s                  ; Yes                        ; Yes                        ; 2.62 V                      ; 4.05e-08 V                  ; 2.72 V             ; -0.0349 V          ; 0.173 V                             ; 0.1 V                               ; 2.72e-10 s                 ; 2.69e-10 s                 ; Yes                       ; Yes                       ;
; PC[3]         ; 2.5 V        ; 0 s                 ; 0 s                 ; 2.62 V                       ; 4.05e-08 V                   ; 2.72 V              ; -0.0349 V           ; 0.173 V                              ; 0.1 V                                ; 2.72e-10 s                  ; 2.69e-10 s                  ; Yes                        ; Yes                        ; 2.62 V                      ; 4.05e-08 V                  ; 2.72 V             ; -0.0349 V          ; 0.173 V                             ; 0.1 V                               ; 2.72e-10 s                 ; 2.69e-10 s                 ; Yes                       ; Yes                       ;
; PC[4]         ; 2.5 V        ; 0 s                 ; 0 s                 ; 2.62 V                       ; 4.05e-08 V                   ; 2.72 V              ; -0.0349 V           ; 0.173 V                              ; 0.1 V                                ; 2.72e-10 s                  ; 2.69e-10 s                  ; Yes                        ; Yes                        ; 2.62 V                      ; 4.05e-08 V                  ; 2.72 V             ; -0.0349 V          ; 0.173 V                             ; 0.1 V                               ; 2.72e-10 s                 ; 2.69e-10 s                 ; Yes                       ; Yes                       ;
; PC[5]         ; 2.5 V        ; 0 s                 ; 0 s                 ; 2.62 V                       ; 4.05e-08 V                   ; 2.72 V              ; -0.0349 V           ; 0.173 V                              ; 0.1 V                                ; 2.72e-10 s                  ; 2.69e-10 s                  ; Yes                        ; Yes                        ; 2.62 V                      ; 4.05e-08 V                  ; 2.72 V             ; -0.0349 V          ; 0.173 V                             ; 0.1 V                               ; 2.72e-10 s                 ; 2.69e-10 s                 ; Yes                       ; Yes                       ;
; PC[6]         ; 2.5 V        ; 0 s                 ; 0 s                 ; 2.62 V                       ; 4.05e-08 V                   ; 2.72 V              ; -0.0349 V           ; 0.173 V                              ; 0.1 V                                ; 2.72e-10 s                  ; 2.69e-10 s                  ; Yes                        ; Yes                        ; 2.62 V                      ; 4.05e-08 V                  ; 2.72 V             ; -0.0349 V          ; 0.173 V                             ; 0.1 V                               ; 2.72e-10 s                 ; 2.69e-10 s                 ; Yes                       ; Yes                       ;
; PC[7]         ; 2.5 V        ; 0 s                 ; 0 s                 ; 2.62 V                       ; 4.05e-08 V                   ; 2.64 V              ; -0.0113 V           ; 0.208 V                              ; 0.179 V                              ; 2.38e-09 s                  ; 2.23e-09 s                  ; No                         ; Yes                        ; 2.62 V                      ; 4.05e-08 V                  ; 2.64 V             ; -0.0113 V          ; 0.208 V                             ; 0.179 V                             ; 2.38e-09 s                 ; 2.23e-09 s                 ; No                        ; Yes                       ;
; PC[8]         ; 2.5 V        ; 0 s                 ; 0 s                 ; 2.62 V                       ; 4.05e-08 V                   ; 2.72 V              ; -0.0349 V           ; 0.173 V                              ; 0.1 V                                ; 2.72e-10 s                  ; 2.69e-10 s                  ; Yes                        ; Yes                        ; 2.62 V                      ; 4.05e-08 V                  ; 2.72 V             ; -0.0349 V          ; 0.173 V                             ; 0.1 V                               ; 2.72e-10 s                 ; 2.69e-10 s                 ; Yes                       ; Yes                       ;
; PC[9]         ; 2.5 V        ; 0 s                 ; 0 s                 ; 2.62 V                       ; 4.05e-08 V                   ; 2.72 V              ; -0.0349 V           ; 0.173 V                              ; 0.1 V                                ; 2.72e-10 s                  ; 2.69e-10 s                  ; Yes                        ; Yes                        ; 2.62 V                      ; 4.05e-08 V                  ; 2.72 V             ; -0.0349 V          ; 0.173 V                             ; 0.1 V                               ; 2.72e-10 s                 ; 2.69e-10 s                 ; Yes                       ; Yes                       ;
; PC[10]        ; 2.5 V        ; 0 s                 ; 0 s                 ; 2.62 V                       ; 4.05e-08 V                   ; 2.72 V              ; -0.0349 V           ; 0.173 V                              ; 0.1 V                                ; 2.72e-10 s                  ; 2.69e-10 s                  ; Yes                        ; Yes                        ; 2.62 V                      ; 4.05e-08 V                  ; 2.72 V             ; -0.0349 V          ; 0.173 V                             ; 0.1 V                               ; 2.72e-10 s                 ; 2.69e-10 s                 ; Yes                       ; Yes                       ;
; PC[11]        ; 2.5 V        ; 0 s                 ; 0 s                 ; 2.62 V                       ; 4.05e-08 V                   ; 2.72 V              ; -0.0349 V           ; 0.173 V                              ; 0.1 V                                ; 2.72e-10 s                  ; 2.69e-10 s                  ; Yes                        ; Yes                        ; 2.62 V                      ; 4.05e-08 V                  ; 2.72 V             ; -0.0349 V          ; 0.173 V                             ; 0.1 V                               ; 2.72e-10 s                 ; 2.69e-10 s                 ; Yes                       ; Yes                       ;
; PC[12]        ; 2.5 V        ; 0 s                 ; 0 s                 ; 2.62 V                       ; 4.05e-08 V                   ; 2.72 V              ; -0.0349 V           ; 0.173 V                              ; 0.1 V                                ; 2.72e-10 s                  ; 2.69e-10 s                  ; Yes                        ; Yes                        ; 2.62 V                      ; 4.05e-08 V                  ; 2.72 V             ; -0.0349 V          ; 0.173 V                             ; 0.1 V                               ; 2.72e-10 s                 ; 2.69e-10 s                 ; Yes                       ; Yes                       ;
; PC[13]        ; 2.5 V        ; 0 s                 ; 0 s                 ; 2.62 V                       ; 4.05e-08 V                   ; 2.72 V              ; -0.0349 V           ; 0.173 V                              ; 0.1 V                                ; 2.72e-10 s                  ; 2.69e-10 s                  ; Yes                        ; Yes                        ; 2.62 V                      ; 4.05e-08 V                  ; 2.72 V             ; -0.0349 V          ; 0.173 V                             ; 0.1 V                               ; 2.72e-10 s                 ; 2.69e-10 s                 ; Yes                       ; Yes                       ;
; PC[14]        ; 2.5 V        ; 0 s                 ; 0 s                 ; 2.62 V                       ; 4.05e-08 V                   ; 2.72 V              ; -0.0349 V           ; 0.173 V                              ; 0.1 V                                ; 2.72e-10 s                  ; 2.69e-10 s                  ; Yes                        ; Yes                        ; 2.62 V                      ; 4.05e-08 V                  ; 2.72 V             ; -0.0349 V          ; 0.173 V                             ; 0.1 V                               ; 2.72e-10 s                 ; 2.69e-10 s                 ; Yes                       ; Yes                       ;
; PC[15]        ; 2.5 V        ; 0 s                 ; 0 s                 ; 2.62 V                       ; 4.05e-08 V                   ; 2.72 V              ; -0.0349 V           ; 0.173 V                              ; 0.1 V                                ; 2.72e-10 s                  ; 2.69e-10 s                  ; Yes                        ; Yes                        ; 2.62 V                      ; 4.05e-08 V                  ; 2.72 V             ; -0.0349 V          ; 0.173 V                             ; 0.1 V                               ; 2.72e-10 s                 ; 2.69e-10 s                 ; Yes                       ; Yes                       ;
; PC[16]        ; 2.5 V        ; 0 s                 ; 0 s                 ; 2.62 V                       ; 4.05e-08 V                   ; 2.72 V              ; -0.0349 V           ; 0.173 V                              ; 0.1 V                                ; 2.72e-10 s                  ; 2.69e-10 s                  ; Yes                        ; Yes                        ; 2.62 V                      ; 4.05e-08 V                  ; 2.72 V             ; -0.0349 V          ; 0.173 V                             ; 0.1 V                               ; 2.72e-10 s                 ; 2.69e-10 s                 ; Yes                       ; Yes                       ;
; PC[17]        ; 2.5 V        ; 0 s                 ; 0 s                 ; 2.62 V                       ; 4.05e-08 V                   ; 2.72 V              ; -0.0349 V           ; 0.173 V                              ; 0.1 V                                ; 2.72e-10 s                  ; 2.69e-10 s                  ; Yes                        ; Yes                        ; 2.62 V                      ; 4.05e-08 V                  ; 2.72 V             ; -0.0349 V          ; 0.173 V                             ; 0.1 V                               ; 2.72e-10 s                 ; 2.69e-10 s                 ; Yes                       ; Yes                       ;
; PC[18]        ; 2.5 V        ; 0 s                 ; 0 s                 ; 2.62 V                       ; 4.05e-08 V                   ; 2.72 V              ; -0.0349 V           ; 0.173 V                              ; 0.1 V                                ; 2.72e-10 s                  ; 2.69e-10 s                  ; Yes                        ; Yes                        ; 2.62 V                      ; 4.05e-08 V                  ; 2.72 V             ; -0.0349 V          ; 0.173 V                             ; 0.1 V                               ; 2.72e-10 s                 ; 2.69e-10 s                 ; Yes                       ; Yes                       ;
; PC[19]        ; 2.5 V        ; 0 s                 ; 0 s                 ; 2.62 V                       ; 4.05e-08 V                   ; 2.72 V              ; -0.0349 V           ; 0.173 V                              ; 0.1 V                                ; 2.72e-10 s                  ; 2.69e-10 s                  ; Yes                        ; Yes                        ; 2.62 V                      ; 4.05e-08 V                  ; 2.72 V             ; -0.0349 V          ; 0.173 V                             ; 0.1 V                               ; 2.72e-10 s                 ; 2.69e-10 s                 ; Yes                       ; Yes                       ;
; PC[20]        ; 2.5 V        ; 0 s                 ; 0 s                 ; 2.62 V                       ; 4.05e-08 V                   ; 2.72 V              ; -0.0349 V           ; 0.173 V                              ; 0.1 V                                ; 2.72e-10 s                  ; 2.69e-10 s                  ; Yes                        ; Yes                        ; 2.62 V                      ; 4.05e-08 V                  ; 2.72 V             ; -0.0349 V          ; 0.173 V                             ; 0.1 V                               ; 2.72e-10 s                 ; 2.69e-10 s                 ; Yes                       ; Yes                       ;
; PC[21]        ; 2.5 V        ; 0 s                 ; 0 s                 ; 2.62 V                       ; 4.05e-08 V                   ; 2.72 V              ; -0.0349 V           ; 0.173 V                              ; 0.1 V                                ; 2.72e-10 s                  ; 2.69e-10 s                  ; Yes                        ; Yes                        ; 2.62 V                      ; 4.05e-08 V                  ; 2.72 V             ; -0.0349 V          ; 0.173 V                             ; 0.1 V                               ; 2.72e-10 s                 ; 2.69e-10 s                 ; Yes                       ; Yes                       ;
; PC[22]        ; 2.5 V        ; 0 s                 ; 0 s                 ; 2.62 V                       ; 4.05e-08 V                   ; 2.72 V              ; -0.0349 V           ; 0.173 V                              ; 0.1 V                                ; 2.72e-10 s                  ; 2.69e-10 s                  ; Yes                        ; Yes                        ; 2.62 V                      ; 4.05e-08 V                  ; 2.72 V             ; -0.0349 V          ; 0.173 V                             ; 0.1 V                               ; 2.72e-10 s                 ; 2.69e-10 s                 ; Yes                       ; Yes                       ;
; PC[23]        ; 2.5 V        ; 0 s                 ; 0 s                 ; 2.62 V                       ; 4.05e-08 V                   ; 2.72 V              ; -0.0349 V           ; 0.173 V                              ; 0.1 V                                ; 2.72e-10 s                  ; 2.69e-10 s                  ; Yes                        ; Yes                        ; 2.62 V                      ; 4.05e-08 V                  ; 2.72 V             ; -0.0349 V          ; 0.173 V                             ; 0.1 V                               ; 2.72e-10 s                 ; 2.69e-10 s                 ; Yes                       ; Yes                       ;
; PC[24]        ; 2.5 V        ; 0 s                 ; 0 s                 ; 2.62 V                       ; 4.05e-08 V                   ; 2.72 V              ; -0.0349 V           ; 0.173 V                              ; 0.1 V                                ; 2.72e-10 s                  ; 2.69e-10 s                  ; Yes                        ; Yes                        ; 2.62 V                      ; 4.05e-08 V                  ; 2.72 V             ; -0.0349 V          ; 0.173 V                             ; 0.1 V                               ; 2.72e-10 s                 ; 2.69e-10 s                 ; Yes                       ; Yes                       ;
; PC[25]        ; 2.5 V        ; 0 s                 ; 0 s                 ; 2.62 V                       ; 4.05e-08 V                   ; 2.72 V              ; -0.0349 V           ; 0.173 V                              ; 0.1 V                                ; 2.72e-10 s                  ; 2.69e-10 s                  ; Yes                        ; Yes                        ; 2.62 V                      ; 4.05e-08 V                  ; 2.72 V             ; -0.0349 V          ; 0.173 V                             ; 0.1 V                               ; 2.72e-10 s                 ; 2.69e-10 s                 ; Yes                       ; Yes                       ;
; PC[26]        ; 2.5 V        ; 0 s                 ; 0 s                 ; 2.62 V                       ; 4.05e-08 V                   ; 2.72 V              ; -0.0349 V           ; 0.173 V                              ; 0.1 V                                ; 2.72e-10 s                  ; 2.69e-10 s                  ; Yes                        ; Yes                        ; 2.62 V                      ; 4.05e-08 V                  ; 2.72 V             ; -0.0349 V          ; 0.173 V                             ; 0.1 V                               ; 2.72e-10 s                 ; 2.69e-10 s                 ; Yes                       ; Yes                       ;
; PC[27]        ; 2.5 V        ; 0 s                 ; 0 s                 ; 2.62 V                       ; 4.05e-08 V                   ; 2.72 V              ; -0.0349 V           ; 0.173 V                              ; 0.1 V                                ; 2.72e-10 s                  ; 2.69e-10 s                  ; Yes                        ; Yes                        ; 2.62 V                      ; 4.05e-08 V                  ; 2.72 V             ; -0.0349 V          ; 0.173 V                             ; 0.1 V                               ; 2.72e-10 s                 ; 2.69e-10 s                 ; Yes                       ; Yes                       ;
; PC[28]        ; 2.5 V        ; 0 s                 ; 0 s                 ; 2.62 V                       ; 4.05e-08 V                   ; 2.72 V              ; -0.0349 V           ; 0.173 V                              ; 0.1 V                                ; 2.72e-10 s                  ; 2.69e-10 s                  ; Yes                        ; Yes                        ; 2.62 V                      ; 4.05e-08 V                  ; 2.72 V             ; -0.0349 V          ; 0.173 V                             ; 0.1 V                               ; 2.72e-10 s                 ; 2.69e-10 s                 ; Yes                       ; Yes                       ;
; PC[29]        ; 2.5 V        ; 0 s                 ; 0 s                 ; 2.62 V                       ; 4.05e-08 V                   ; 2.72 V              ; -0.0349 V           ; 0.173 V                              ; 0.1 V                                ; 2.72e-10 s                  ; 2.69e-10 s                  ; Yes                        ; Yes                        ; 2.62 V                      ; 4.05e-08 V                  ; 2.72 V             ; -0.0349 V          ; 0.173 V                             ; 0.1 V                               ; 2.72e-10 s                 ; 2.69e-10 s                 ; Yes                       ; Yes                       ;
; PC[30]        ; 2.5 V        ; 0 s                 ; 0 s                 ; 2.62 V                       ; 4.05e-08 V                   ; 2.72 V              ; -0.0349 V           ; 0.173 V                              ; 0.1 V                                ; 2.72e-10 s                  ; 2.69e-10 s                  ; Yes                        ; Yes                        ; 2.62 V                      ; 4.05e-08 V                  ; 2.72 V             ; -0.0349 V          ; 0.173 V                             ; 0.1 V                               ; 2.72e-10 s                 ; 2.69e-10 s                 ; Yes                       ; Yes                       ;
; PC[31]        ; 2.5 V        ; 0 s                 ; 0 s                 ; 2.62 V                       ; 4.05e-08 V                   ; 2.72 V              ; -0.0349 V           ; 0.173 V                              ; 0.1 V                                ; 2.72e-10 s                  ; 2.69e-10 s                  ; Yes                        ; Yes                        ; 2.62 V                      ; 4.05e-08 V                  ; 2.72 V             ; -0.0349 V          ; 0.173 V                             ; 0.1 V                               ; 2.72e-10 s                 ; 2.69e-10 s                 ; Yes                       ; Yes                       ;
; LEDR[0]       ; 2.5 V        ; 0 s                 ; 0 s                 ; 2.62 V                       ; 4.05e-08 V                   ; 2.72 V              ; -0.0349 V           ; 0.173 V                              ; 0.1 V                                ; 2.72e-10 s                  ; 2.69e-10 s                  ; Yes                        ; Yes                        ; 2.62 V                      ; 4.05e-08 V                  ; 2.72 V             ; -0.0349 V          ; 0.173 V                             ; 0.1 V                               ; 2.72e-10 s                 ; 2.69e-10 s                 ; Yes                       ; Yes                       ;
; LEDR[1]       ; 2.5 V        ; 0 s                 ; 0 s                 ; 2.62 V                       ; 4.05e-08 V                   ; 2.72 V              ; -0.0349 V           ; 0.173 V                              ; 0.1 V                                ; 2.72e-10 s                  ; 2.69e-10 s                  ; Yes                        ; Yes                        ; 2.62 V                      ; 4.05e-08 V                  ; 2.72 V             ; -0.0349 V          ; 0.173 V                             ; 0.1 V                               ; 2.72e-10 s                 ; 2.69e-10 s                 ; Yes                       ; Yes                       ;
; LEDR[2]       ; 2.5 V        ; 0 s                 ; 0 s                 ; 2.62 V                       ; 4.05e-08 V                   ; 2.72 V              ; -0.0349 V           ; 0.173 V                              ; 0.1 V                                ; 2.72e-10 s                  ; 2.69e-10 s                  ; Yes                        ; Yes                        ; 2.62 V                      ; 4.05e-08 V                  ; 2.72 V             ; -0.0349 V          ; 0.173 V                             ; 0.1 V                               ; 2.72e-10 s                 ; 2.69e-10 s                 ; Yes                       ; Yes                       ;
; LEDR[3]       ; 2.5 V        ; 0 s                 ; 0 s                 ; 2.62 V                       ; 4.05e-08 V                   ; 2.72 V              ; -0.0349 V           ; 0.173 V                              ; 0.1 V                                ; 2.72e-10 s                  ; 2.69e-10 s                  ; Yes                        ; Yes                        ; 2.62 V                      ; 4.05e-08 V                  ; 2.72 V             ; -0.0349 V          ; 0.173 V                             ; 0.1 V                               ; 2.72e-10 s                 ; 2.69e-10 s                 ; Yes                       ; Yes                       ;
; LEDR[4]       ; 2.5 V        ; 0 s                 ; 0 s                 ; 2.62 V                       ; 4.05e-08 V                   ; 2.72 V              ; -0.0349 V           ; 0.173 V                              ; 0.1 V                                ; 2.72e-10 s                  ; 2.69e-10 s                  ; Yes                        ; Yes                        ; 2.62 V                      ; 4.05e-08 V                  ; 2.72 V             ; -0.0349 V          ; 0.173 V                             ; 0.1 V                               ; 2.72e-10 s                 ; 2.69e-10 s                 ; Yes                       ; Yes                       ;
; LEDR[5]       ; 2.5 V        ; 0 s                 ; 0 s                 ; 2.62 V                       ; 4.05e-08 V                   ; 2.72 V              ; -0.0349 V           ; 0.173 V                              ; 0.1 V                                ; 2.72e-10 s                  ; 2.69e-10 s                  ; Yes                        ; Yes                        ; 2.62 V                      ; 4.05e-08 V                  ; 2.72 V             ; -0.0349 V          ; 0.173 V                             ; 0.1 V                               ; 2.72e-10 s                 ; 2.69e-10 s                 ; Yes                       ; Yes                       ;
; LEDR[6]       ; 2.5 V        ; 0 s                 ; 0 s                 ; 2.62 V                       ; 4.05e-08 V                   ; 2.72 V              ; -0.0349 V           ; 0.173 V                              ; 0.1 V                                ; 2.72e-10 s                  ; 2.69e-10 s                  ; Yes                        ; Yes                        ; 2.62 V                      ; 4.05e-08 V                  ; 2.72 V             ; -0.0349 V          ; 0.173 V                             ; 0.1 V                               ; 2.72e-10 s                 ; 2.69e-10 s                 ; Yes                       ; Yes                       ;
; LEDR[7]       ; 2.5 V        ; 0 s                 ; 0 s                 ; 2.62 V                       ; 4.05e-08 V                   ; 2.72 V              ; -0.0349 V           ; 0.173 V                              ; 0.1 V                                ; 2.72e-10 s                  ; 2.69e-10 s                  ; Yes                        ; Yes                        ; 2.62 V                      ; 4.05e-08 V                  ; 2.72 V             ; -0.0349 V          ; 0.173 V                             ; 0.1 V                               ; 2.72e-10 s                 ; 2.69e-10 s                 ; Yes                       ; Yes                       ;
; LEDR[8]       ; 2.5 V        ; 0 s                 ; 0 s                 ; 2.62 V                       ; 4.05e-08 V                   ; 2.72 V              ; -0.0349 V           ; 0.173 V                              ; 0.1 V                                ; 2.72e-10 s                  ; 2.69e-10 s                  ; Yes                        ; Yes                        ; 2.62 V                      ; 4.05e-08 V                  ; 2.72 V             ; -0.0349 V          ; 0.173 V                             ; 0.1 V                               ; 2.72e-10 s                 ; 2.69e-10 s                 ; Yes                       ; Yes                       ;
; LEDR[9]       ; 2.5 V        ; 0 s                 ; 0 s                 ; 2.62 V                       ; 4.05e-08 V                   ; 2.64 V              ; -0.0113 V           ; 0.208 V                              ; 0.179 V                              ; 2.38e-09 s                  ; 2.23e-09 s                  ; No                         ; Yes                        ; 2.62 V                      ; 4.05e-08 V                  ; 2.64 V             ; -0.0113 V          ; 0.208 V                             ; 0.179 V                             ; 2.38e-09 s                 ; 2.23e-09 s                 ; No                        ; Yes                       ;
; LEDR[10]      ; 2.5 V        ; 0 s                 ; 0 s                 ; 2.62 V                       ; 4.05e-08 V                   ; 2.72 V              ; -0.0349 V           ; 0.173 V                              ; 0.1 V                                ; 2.72e-10 s                  ; 2.69e-10 s                  ; Yes                        ; Yes                        ; 2.62 V                      ; 4.05e-08 V                  ; 2.72 V             ; -0.0349 V          ; 0.173 V                             ; 0.1 V                               ; 2.72e-10 s                 ; 2.69e-10 s                 ; Yes                       ; Yes                       ;
; LEDR[11]      ; 2.5 V        ; 0 s                 ; 0 s                 ; 2.62 V                       ; 4.05e-08 V                   ; 2.72 V              ; -0.0349 V           ; 0.173 V                              ; 0.1 V                                ; 2.72e-10 s                  ; 2.69e-10 s                  ; Yes                        ; Yes                        ; 2.62 V                      ; 4.05e-08 V                  ; 2.72 V             ; -0.0349 V          ; 0.173 V                             ; 0.1 V                               ; 2.72e-10 s                 ; 2.69e-10 s                 ; Yes                       ; Yes                       ;
; LEDR[12]      ; 2.5 V        ; 0 s                 ; 0 s                 ; 2.62 V                       ; 4.05e-08 V                   ; 2.72 V              ; -0.0349 V           ; 0.173 V                              ; 0.1 V                                ; 2.72e-10 s                  ; 2.69e-10 s                  ; Yes                        ; Yes                        ; 2.62 V                      ; 4.05e-08 V                  ; 2.72 V             ; -0.0349 V          ; 0.173 V                             ; 0.1 V                               ; 2.72e-10 s                 ; 2.69e-10 s                 ; Yes                       ; Yes                       ;
; LEDR[13]      ; 2.5 V        ; 0 s                 ; 0 s                 ; 2.62 V                       ; 4.05e-08 V                   ; 2.72 V              ; -0.0349 V           ; 0.173 V                              ; 0.1 V                                ; 2.72e-10 s                  ; 2.69e-10 s                  ; Yes                        ; Yes                        ; 2.62 V                      ; 4.05e-08 V                  ; 2.72 V             ; -0.0349 V          ; 0.173 V                             ; 0.1 V                               ; 2.72e-10 s                 ; 2.69e-10 s                 ; Yes                       ; Yes                       ;
; LEDR[14]      ; 2.5 V        ; 0 s                 ; 0 s                 ; 2.62 V                       ; 4.05e-08 V                   ; 2.72 V              ; -0.0349 V           ; 0.173 V                              ; 0.1 V                                ; 2.72e-10 s                  ; 2.69e-10 s                  ; Yes                        ; Yes                        ; 2.62 V                      ; 4.05e-08 V                  ; 2.72 V             ; -0.0349 V          ; 0.173 V                             ; 0.1 V                               ; 2.72e-10 s                 ; 2.69e-10 s                 ; Yes                       ; Yes                       ;
; LEDR[15]      ; 2.5 V        ; 0 s                 ; 0 s                 ; 2.62 V                       ; 4.05e-08 V                   ; 2.64 V              ; -0.0113 V           ; 0.208 V                              ; 0.179 V                              ; 2.38e-09 s                  ; 2.23e-09 s                  ; No                         ; Yes                        ; 2.62 V                      ; 4.05e-08 V                  ; 2.64 V             ; -0.0113 V          ; 0.208 V                             ; 0.179 V                             ; 2.38e-09 s                 ; 2.23e-09 s                 ; No                        ; Yes                       ;
; LEDR[16]      ; 2.5 V        ; 0 s                 ; 0 s                 ; 2.62 V                       ; 4.05e-08 V                   ; 2.72 V              ; -0.0349 V           ; 0.173 V                              ; 0.1 V                                ; 2.72e-10 s                  ; 2.69e-10 s                  ; Yes                        ; Yes                        ; 2.62 V                      ; 4.05e-08 V                  ; 2.72 V             ; -0.0349 V          ; 0.173 V                             ; 0.1 V                               ; 2.72e-10 s                 ; 2.69e-10 s                 ; Yes                       ; Yes                       ;
; LEDR[17]      ; 2.5 V        ; 0 s                 ; 0 s                 ; 2.62 V                       ; 4.05e-08 V                   ; 2.72 V              ; -0.0349 V           ; 0.173 V                              ; 0.1 V                                ; 2.72e-10 s                  ; 2.69e-10 s                  ; Yes                        ; Yes                        ; 2.62 V                      ; 4.05e-08 V                  ; 2.72 V             ; -0.0349 V          ; 0.173 V                             ; 0.1 V                               ; 2.72e-10 s                 ; 2.69e-10 s                 ; Yes                       ; Yes                       ;
; LEDG[0]       ; 2.5 V        ; 0 s                 ; 0 s                 ; 2.62 V                       ; 4.05e-08 V                   ; 2.72 V              ; -0.0349 V           ; 0.173 V                              ; 0.1 V                                ; 2.72e-10 s                  ; 2.69e-10 s                  ; Yes                        ; Yes                        ; 2.62 V                      ; 4.05e-08 V                  ; 2.72 V             ; -0.0349 V          ; 0.173 V                             ; 0.1 V                               ; 2.72e-10 s                 ; 2.69e-10 s                 ; Yes                       ; Yes                       ;
; LEDG[1]       ; 2.5 V        ; 0 s                 ; 0 s                 ; 2.62 V                       ; 4.05e-08 V                   ; 2.72 V              ; -0.0349 V           ; 0.173 V                              ; 0.1 V                                ; 2.72e-10 s                  ; 2.69e-10 s                  ; Yes                        ; Yes                        ; 2.62 V                      ; 4.05e-08 V                  ; 2.72 V             ; -0.0349 V          ; 0.173 V                             ; 0.1 V                               ; 2.72e-10 s                 ; 2.69e-10 s                 ; Yes                       ; Yes                       ;
; LEDG[2]       ; 2.5 V        ; 0 s                 ; 0 s                 ; 2.62 V                       ; 4.05e-08 V                   ; 2.72 V              ; -0.0349 V           ; 0.173 V                              ; 0.1 V                                ; 2.72e-10 s                  ; 2.69e-10 s                  ; Yes                        ; Yes                        ; 2.62 V                      ; 4.05e-08 V                  ; 2.72 V             ; -0.0349 V          ; 0.173 V                             ; 0.1 V                               ; 2.72e-10 s                 ; 2.69e-10 s                 ; Yes                       ; Yes                       ;
; LEDG[3]       ; 2.5 V        ; 0 s                 ; 0 s                 ; 2.62 V                       ; 4.05e-08 V                   ; 2.72 V              ; -0.0349 V           ; 0.173 V                              ; 0.1 V                                ; 2.72e-10 s                  ; 2.69e-10 s                  ; Yes                        ; Yes                        ; 2.62 V                      ; 4.05e-08 V                  ; 2.72 V             ; -0.0349 V          ; 0.173 V                             ; 0.1 V                               ; 2.72e-10 s                 ; 2.69e-10 s                 ; Yes                       ; Yes                       ;
; LEDG[4]       ; 2.5 V        ; 0 s                 ; 0 s                 ; 2.62 V                       ; 4.05e-08 V                   ; 2.72 V              ; -0.0349 V           ; 0.173 V                              ; 0.1 V                                ; 2.72e-10 s                  ; 2.69e-10 s                  ; Yes                        ; Yes                        ; 2.62 V                      ; 4.05e-08 V                  ; 2.72 V             ; -0.0349 V          ; 0.173 V                             ; 0.1 V                               ; 2.72e-10 s                 ; 2.69e-10 s                 ; Yes                       ; Yes                       ;
; LEDG[5]       ; 2.5 V        ; 0 s                 ; 0 s                 ; 2.62 V                       ; 4.05e-08 V                   ; 2.72 V              ; -0.0349 V           ; 0.173 V                              ; 0.1 V                                ; 2.72e-10 s                  ; 2.69e-10 s                  ; Yes                        ; Yes                        ; 2.62 V                      ; 4.05e-08 V                  ; 2.72 V             ; -0.0349 V          ; 0.173 V                             ; 0.1 V                               ; 2.72e-10 s                 ; 2.69e-10 s                 ; Yes                       ; Yes                       ;
; LEDG[6]       ; 2.5 V        ; 0 s                 ; 0 s                 ; 2.62 V                       ; 4.05e-08 V                   ; 2.72 V              ; -0.0349 V           ; 0.173 V                              ; 0.1 V                                ; 2.72e-10 s                  ; 2.69e-10 s                  ; Yes                        ; Yes                        ; 2.62 V                      ; 4.05e-08 V                  ; 2.72 V             ; -0.0349 V          ; 0.173 V                             ; 0.1 V                               ; 2.72e-10 s                 ; 2.69e-10 s                 ; Yes                       ; Yes                       ;
; LEDG[7]       ; 2.5 V        ; 0 s                 ; 0 s                 ; 2.62 V                       ; 4.05e-08 V                   ; 2.72 V              ; -0.0349 V           ; 0.173 V                              ; 0.1 V                                ; 2.72e-10 s                  ; 2.69e-10 s                  ; Yes                        ; Yes                        ; 2.62 V                      ; 4.05e-08 V                  ; 2.72 V             ; -0.0349 V          ; 0.173 V                             ; 0.1 V                               ; 2.72e-10 s                 ; 2.69e-10 s                 ; Yes                       ; Yes                       ;
; LEDG[8]       ; 2.5 V        ; 0 s                 ; 0 s                 ; 2.62 V                       ; 4.05e-08 V                   ; 2.72 V              ; -0.0349 V           ; 0.173 V                              ; 0.1 V                                ; 2.72e-10 s                  ; 2.69e-10 s                  ; Yes                        ; Yes                        ; 2.62 V                      ; 4.05e-08 V                  ; 2.72 V             ; -0.0349 V          ; 0.173 V                             ; 0.1 V                               ; 2.72e-10 s                 ; 2.69e-10 s                 ; Yes                       ; Yes                       ;
; UART_TXD      ; 2.5 V        ; 0 s                 ; 0 s                 ; 2.62 V                       ; 4.05e-08 V                   ; 2.64 V              ; -0.0113 V           ; 0.208 V                              ; 0.179 V                              ; 2.38e-09 s                  ; 2.23e-09 s                  ; No                         ; Yes                        ; 2.62 V                      ; 4.05e-08 V                  ; 2.64 V             ; -0.0113 V          ; 0.208 V                             ; 0.179 V                             ; 2.38e-09 s                 ; 2.23e-09 s                 ; No                        ; Yes                       ;
; ~ALTERA_DCLK~ ; 2.5 V        ; 0 s                 ; 0 s                 ; 2.62 V                       ; 2.22e-08 V                   ; 2.74 V              ; -0.06 V             ; 0.158 V                              ; 0.08 V                               ; 2.68e-10 s                  ; 2.19e-10 s                  ; Yes                        ; Yes                        ; 2.62 V                      ; 2.22e-08 V                  ; 2.74 V             ; -0.06 V            ; 0.158 V                             ; 0.08 V                              ; 2.68e-10 s                 ; 2.19e-10 s                 ; Yes                       ; Yes                       ;
; ~ALTERA_nCEO~ ; 2.5 V        ; 0 s                 ; 0 s                 ; 2.62 V                       ; 3.54e-08 V                   ; 2.7 V               ; -0.00943 V          ; 0.276 V                              ; 0.035 V                              ; 3.19e-10 s                  ; 4.99e-10 s                  ; No                         ; Yes                        ; 2.62 V                      ; 3.54e-08 V                  ; 2.7 V              ; -0.00943 V         ; 0.276 V                             ; 0.035 V                             ; 3.19e-10 s                 ; 4.99e-10 s                 ; No                        ; Yes                       ;
+---------------+--------------+---------------------+---------------------+------------------------------+------------------------------+---------------------+---------------------+--------------------------------------+--------------------------------------+-----------------------------+-----------------------------+----------------------------+----------------------------+-----------------------------+-----------------------------+--------------------+--------------------+-------------------------------------+-------------------------------------+----------------------------+----------------------------+---------------------------+---------------------------+


+-----------------------------------------------------------------------+
; Setup Transfers                                                       ;
+------------+----------+--------------+----------+----------+----------+
; From Clock ; To Clock ; RR Paths     ; FR Paths ; RF Paths ; FF Paths ;
+------------+----------+--------------+----------+----------+----------+
; clk_cpu    ; clk_cpu  ; > 2147483647 ; 0        ; 0        ; 0        ;
+------------+----------+--------------+----------+----------+----------+
Entries labeled "false path" only account for clock-to-clock false paths and not path-based false paths. As a result, actual path counts may be lower than reported.


+-----------------------------------------------------------------------+
; Hold Transfers                                                        ;
+------------+----------+--------------+----------+----------+----------+
; From Clock ; To Clock ; RR Paths     ; FR Paths ; RF Paths ; FF Paths ;
+------------+----------+--------------+----------+----------+----------+
; clk_cpu    ; clk_cpu  ; > 2147483647 ; 0        ; 0        ; 0        ;
+------------+----------+--------------+----------+----------+----------+
Entries labeled "false path" only account for clock-to-clock false paths and not path-based false paths. As a result, actual path counts may be lower than reported.


---------------
; Report TCCS ;
---------------
No dedicated SERDES Transmitter circuitry present in device or used in design


---------------
; Report RSKM ;
---------------
No non-DPA dedicated SERDES Receiver circuitry present in device or used in design


+------------------------------------------------+
; Unconstrained Paths Summary                    ;
+---------------------------------+-------+------+
; Property                        ; Setup ; Hold ;
+---------------------------------+-------+------+
; Illegal Clocks                  ; 0     ; 0    ;
; Unconstrained Clocks            ; 0     ; 0    ;
; Unconstrained Input Ports       ; 0     ; 0    ;
; Unconstrained Input Port Paths  ; 0     ; 0    ;
; Unconstrained Output Ports      ; 0     ; 0    ;
; Unconstrained Output Port Paths ; 0     ; 0    ;
+---------------------------------+-------+------+


+------------------------------------------------------------------------------------------+
; Clock Status Summary                                                                     ;
+------------------------------------------------------+---------+-----------+-------------+
; Target                                               ; Clock   ; Type      ; Status      ;
+------------------------------------------------------+---------+-----------+-------------+
; clk                                                  ; clk     ; Base      ; Constrained ;
; pll_inst|altpll_component|auto_generated|pll1|clk[0] ; clk_cpu ; Generated ; Constrained ;
+------------------------------------------------------+---------+-----------+-------------+


+--------------------------+
; Timing Analyzer Messages ;
+--------------------------+
Info: *******************************************************************
Info: Running Quartus Prime Timing Analyzer
    Info: Version 21.1.1 Build 850 06/23/2022 SJ Lite Edition
    Info: Processing started: Tue Sep 29 11:21:22 2026
Info: Command: quartus_sta quartus -c quartus
Info: qsta_default_script.tcl version: #1
Warning (18236): Number of processors has not been specified which may cause overloading on shared machines.  Set the global assignment NUM_PARALLEL_PROCESSORS in your QSF to an appropriate value for best performance.
Info (20030): Parallel compilation is enabled and will use 16 of the 16 processors detected
Info (21077): Low junction temperature is 0 degrees C
Info (21077): High junction temperature is 85 degrees C
Info (332104): Reading SDC File: 'sc_top_no_pll.sdc'
Warning (332174): Ignored filter at sc_top_no_pll.sdc(39): CLOCK_50 could not be matched with a port File: D:/Users/mhrs/Documents/Org-e-Arq-de-Computadores/Lab_Vitor/Labs/Lab_06/rv_sc_cpu_mmio-main/quartus/sc_top_no_pll.sdc Line: 39
Warning (332049): Ignored create_clock at sc_top_no_pll.sdc(35): Argument <targets> is an empty collection File: D:/Users/mhrs/Documents/Org-e-Arq-de-Computadores/Lab_Vitor/Labs/Lab_06/rv_sc_cpu_mmio-main/quartus/sc_top_no_pll.sdc Line: 35
    Info (332050): create_clock \
    -name     {CLOCK_50} \
    -period   20.000 \
    -waveform {0.000 10.000} \
    [get_ports {CLOCK_50}] File: D:/Users/mhrs/Documents/Org-e-Arq-de-Computadores/Lab_Vitor/Labs/Lab_06/rv_sc_cpu_mmio-main/quartus/sc_top_no_pll.sdc Line: 35
Info (332151): Clock uncertainty is not calculated until you update the timing netlist.
Info (332104): Reading SDC File: 'sc_top.sdc'
Info (332151): Clock uncertainty is not calculated until you update the timing netlist.
Warning (332174): Ignored filter at sc_top.sdc(52): rst_n could not be matched with a port File: D:/Users/mhrs/Documents/Org-e-Arq-de-Computadores/Lab_Vitor/Labs/Lab_06/rv_sc_cpu_mmio-main/quartus/sc_top.sdc Line: 52
Warning (332049): Ignored set_false_path at sc_top.sdc(52): Argument <from> is an empty collection File: D:/Users/mhrs/Documents/Org-e-Arq-de-Computadores/Lab_Vitor/Labs/Lab_06/rv_sc_cpu_mmio-main/quartus/sc_top.sdc Line: 52
    Info (332050): set_false_path -from [get_ports {rst_n}] File: D:/Users/mhrs/Documents/Org-e-Arq-de-Computadores/Lab_Vitor/Labs/Lab_06/rv_sc_cpu_mmio-main/quartus/sc_top.sdc Line: 52
Info (332123): Deriving Clock Uncertainty. Please refer to report_sdc in the Timing Analyzer to see clock uncertainties.
Info: Found TIMING_ANALYZER_REPORT_SCRIPT_INCLUDE_DEFAULT_ANALYSIS = ON
Info: Analyzing Slow 1200mV 85C Model
Info (332146): Worst-case setup slack is 59.787
    Info (332119):     Slack       End Point TNS Clock 
    Info (332119): ========= =================== =====================
    Info (332119):    59.787               0.000 clk_cpu 
Info (332146): Worst-case hold slack is 0.403
    Info (332119):     Slack       End Point TNS Clock 
    Info (332119): ========= =================== =====================
    Info (332119):     0.403               0.000 clk_cpu 
Info (332140): No Recovery paths to report
Info (332140): No Removal paths to report
Info (332146): Worst-case minimum pulse width slack is 9.891
    Info (332119):     Slack       End Point TNS Clock 
    Info (332119): ========= =================== =====================
    Info (332119):     9.891               0.000 clk 
    Info (332119):    49.705               0.000 clk_cpu 
Info (332114): Report Metastability: Found 1 synchronizer chains.
    Info (332114): The design MTBF is not calculated because there are no specified synchronizers in the design.
    Info (332114): Number of Synchronizer Chains Found: 1
    Info (332114): Shortest Synchronizer Chain: 2 Registers
    Info (332114): Fraction of Chains for which MTBFs Could Not be Calculated: 1.000
    Info (332114): Worst Case Available Settling Time: 192.404 ns
    Info (332114): 
Info: Analyzing Slow 1200mV 0C Model
Info (334003): Started post-fitting delay annotation
Info (334004): Delay annotation completed successfully
Info (332123): Deriving Clock Uncertainty. Please refer to report_sdc in the Timing Analyzer to see clock uncertainties.
Info (332146): Worst-case setup slack is 62.807
    Info (332119):     Slack       End Point TNS Clock 
    Info (332119): ========= =================== =====================
    Info (332119):    62.807               0.000 clk_cpu 
Info (332146): Worst-case hold slack is 0.355
    Info (332119):     Slack       End Point TNS Clock 
    Info (332119): ========= =================== =====================
    Info (332119):     0.355               0.000 clk_cpu 
Info (332140): No Recovery paths to report
Info (332140): No Removal paths to report
Info (332146): Worst-case minimum pulse width slack is 9.887
    Info (332119):     Slack       End Point TNS Clock 
    Info (332119): ========= =================== =====================
    Info (332119):     9.887               0.000 clk 
    Info (332119):    49.708               0.000 clk_cpu 
Info (332114): Report Metastability: Found 1 synchronizer chains.
    Info (332114): The design MTBF is not calculated because there are no specified synchronizers in the design.
    Info (332114): Number of Synchronizer Chains Found: 1
    Info (332114): Shortest Synchronizer Chain: 2 Registers
    Info (332114): Fraction of Chains for which MTBFs Could Not be Calculated: 1.000
    Info (332114): Worst Case Available Settling Time: 192.963 ns
    Info (332114): 
Info: Analyzing Fast 1200mV 0C Model
Info (332123): Deriving Clock Uncertainty. Please refer to report_sdc in the Timing Analyzer to see clock uncertainties.
Info (332146): Worst-case setup slack is 78.695
    Info (332119):     Slack       End Point TNS Clock 
    Info (332119): ========= =================== =====================
    Info (332119):    78.695               0.000 clk_cpu 
Info (332146): Worst-case hold slack is 0.183
    Info (332119):     Slack       End Point TNS Clock 
    Info (332119): ========= =================== =====================
    Info (332119):     0.183               0.000 clk_cpu 
Info (332140): No Recovery paths to report
Info (332140): No Removal paths to report
Info (332146): Worst-case minimum pulse width slack is 9.574
    Info (332119):     Slack       End Point TNS Clock 
    Info (332119): ========= =================== =====================
    Info (332119):     9.574               0.000 clk 
    Info (332119):    49.779               0.000 clk_cpu 
Info (332114): Report Metastability: Found 1 synchronizer chains.
    Info (332114): The design MTBF is not calculated because there are no specified synchronizers in the design.
    Info (332114): Number of Synchronizer Chains Found: 1
    Info (332114): Shortest Synchronizer Chain: 2 Registers
    Info (332114): Fraction of Chains for which MTBFs Could Not be Calculated: 1.000
    Info (332114): Worst Case Available Settling Time: 196.206 ns
    Info (332114): 
Info (332101): Design is fully constrained for setup requirements
Info (332101): Design is fully constrained for hold requirements
Info: Quartus Prime Timing Analyzer was successful. 0 errors, 5 warnings
    Info: Peak virtual memory: 5155 megabytes
    Info: Processing ended: Tue Sep 29 11:21:28 2026
    Info: Elapsed time: 00:00:06
    Info: Total CPU time (on all processors): 00:00:09


